ID,Beer,Bitter,Sød,Citrus,Syrlig,Bær,Frugtig,Kraftig,Krydret,Røget,Tung,Rund,Vandet,Gæret,Skarp,Lakrids,Karamel,Chokolade,Tør,Gran,Eftersmag,Nøddet,Mild,Harmonisk,Aroma,Normal,Kaffe,Humle,Cider,Spiritus,Sprittet,Brændt,Rugbrød,Olie,Rengøringsmiddel,Syntetisk ,Sodavand,Malt,Kompleks,Tang,Blomst
ID_1831210_55_55__2_14_6,Amarillo,0,2,2,1,0,0,1,3,2,1,4,3,2,0,0,0,0,1,0,3,0,5,4,3,3,0,4,0,1,1,2,0,0,0,0,0,3,2,0,0
ID_1831210_55_55__2_14_6,Amigo,0,3,0,2,1,1,1,0,0,1,2,4,1,0,0,0,0,0,0,1,0,5,3,3,0,0,1,3,0,0,0,0,1,0,0,2,3,0,0,2
ID_1831210_55_55__2_14_6,Alexander,2,4,0,1,0,0,4,3,3,3,1,0,2,2,4,1,6,1,2,5,0,0,4,4,3,0,3,0,3,2,2,0,0,0,4,1,2,3,0,0
ID_1831210_55_55__2_14_6,Sebastian,2,1,5,5,3,4,0,1,0,1,2,5,0,0,0,0,0,2,2,3,0,6,3,3,1,0,3,4,0,0,1,0,0,0,4,2,1,0,0,4
ID_1831210_55_55__2_14_6,Angelina,1,1,1,3,0,0,3,0,2,1,2,3,3,0,0,0,0,2,0,4,0,5,3,2,3,0,3,0,2,0,0,0,0,0,0,0,3,1,0,2
ID_1831210_55_55__2_14_6,Tuborg Classic,0,2,2,2,0,1,2,3,0,0,4,0,1,0,0,0,0,0,1,4,0,4,6,4,3,0,4,0,1,2,2,0,0,0,0,2,3,1,0,0
ID_1831210_55_55__2_14_6,Aronia,0,6,6,5,6,6,1,0,0,0,0,0,0,1,0,0,0,0,0,6,0,3,0,0,0,0,0,6,2,0,0,0,0,0,6,5,0,0,0,3
ID_1831210_55_55__2_14_6,Tuborg Nul,0,0,0,0,0,0,0,1,0,0,0,6,2,0,0,0,0,0,2,1,0,6,0,0,1,0,1,0,1,0,0,0,0,0,0,0,0,0,0,0
ID_1831210_55_55__2_14_6,Wiener Walzer,0,1,1,4,0,0,0,0,0,0,2,4,0,0,0,0,0,0,1,1,1,5,1,1,3,0,1,4,0,0,0,0,0,0,1,0,2,0,0,2
ID_1831210_55_55__2_14_6,Brown Bella,4,0,3,6,3,4,1,0,0,0,2,2,0,2,0,0,0,0,0,3,0,2,2,0,3,0,1,4,2,0,1,0,0,0,2,0,0,1,0,1
ID_2017943_48_47__15_4_12,Amigo,5,1,2,6,2,3,4,3,4,3,2,2,4,4,2,2,1,3,3,5,2,2,2,2,0,2,3,4,3,5,6,1,2,4,4,4,3,4,6,1
ID_2017943_48_47__15_4_12,Sebastian,4,3,3,4,2,2,4,3,2,2,4,2,3,2,3,4,2,3,4,4,2,2,2,2,3,2,3,3,3,4,4,2,2,3,3,3,3,4,2,2
ID_2017943_48_47__15_4_12,Amarillo,4,2,2,4,2,1,3,3,1,3,3,2,2,4,2,2,2,2,3,1,3,3,3,4,3,1,4,3,3,2,2,2,2,3,2,3,3,3,1,2
ID_2017943_48_47__15_4_12,Tuborg Classic,3,1,2,2,1,1,4,2,4,3,4,1,2,2,4,3,3,3,3,2,4,2,6,4,5,3,4,1,4,2,4,4,2,1,2,3,4,2,3,1
ID_2017943_48_47__15_4_12,Alexander,4,4,2,2,1,1,5,2,4,5,2,1,2,3,5,4,3,4,4,4,3,2,2,4,2,4,2,2,5,5,5,3,2,3,3,2,4,4,4,1
ID_2017943_48_47__15_4_12,Tuborg Nul,3,2,3,2,2,2,1,3,1,1,2,5,2,2,2,2,1,2,2,2,2,5,3,2,1,2,1,3,2,2,1,2,2,3,3,4,3,2,2,3
ID_2017943_48_47__15_4_12,Angelina,4,4,4,3,2,2,2,3,2,1,1,4,2,2,2,2,2,1,1,2,1,2,2,1,1,2,2,4,4,4,1,2,2,3,4,4,2,3,2,2
ID_2017943_48_47__15_4_12,Brown Bella,4,4,3,3,1,2,5,2,4,4,3,1,4,3,5,4,4,2,4,5,4,2,2,5,4,5,4,4,4,4,4,3,2,2,3,2,4,3,4,1
ID_2017943_48_47__15_4_12,Aronia,4,2,3,5,4,4,2,4,2,1,2,3,2,2,1,3,1,2,1,2,2,2,2,2,0,2,2,4,3,4,2,1,3,5,6,5,2,5,2,4
ID_2017943_48_47__15_4_12,Wiener Walzer,4,2,3,5,1,2,2,3,1,1,1,3,2,5,2,2,2,1,2,2,2,2,2,2,2,1,2,5,3,5,1,3,2,4,5,4,4,4,2,3
ID_2031675_53_37__13_1_12,Amigo,3,1,3,3,0,4,0,0,0,1,0,4,1,4,0,0,0,1,0,1,0,4,0,2,4,0,6,0,0,0,0,3,0,0,3,0,0,0,0,3
ID_2031675_53_37__13_1_12,Sebastian,6,1,3,3,2,3,4,0,0,0,0,3,1,3,0,0,0,0,0,1,1,4,0,0,1,0,6,0,0,0,0,0,0,0,3,0,0,0,0,3
ID_2031675_53_37__13_1_12,Amarillo,6,0,1,2,0,3,4,2,4,3,2,1,1,4,0,1,0,2,1,4,1,1,0,0,0,2,4,0,0,0,4,3,0,0,1,0,3,0,0,2
ID_2031675_53_37__13_1_12,Tuborg Classic,1,2,0,1,0,0,1,1,0,0,4,4,1,0,0,1,0,0,0,0,0,6,0,0,6,0,1,0,0,0,1,2,0,0,0,0,2,0,0,0
ID_2031675_53_37__13_1_12,Alexander,3,0,0,0,0,0,5,3,5,4,0,0,0,4,0,1,0,2,0,5,1,0,0,2,0,1,2,0,4,3,5,3,0,0,2,0,4,5,0,0
ID_2031675_53_37__13_1_12,Tuborg Nul,0,0,0,4,2,3,5,0,0,2,0,2,3,5,0,0,0,0,0,4,0,1,0,3,0,0,0,0,0,0,0,0,0,0,4,0,0,4,0,2
ID_2031675_53_37__13_1_12,Angelina,5,0,0,4,0,0,4,0,5,0,0,0,0,4,0,2,0,4,0,4,0,0,0,2,0,2,4,0,0,0,5,3,0,0,0,0,3,4,0,0
ID_2031675_53_37__13_1_12,Brown Bella,4,1,3,6,4,5,4,0,0,0,0,0,0,4,0,0,0,0,0,3,0,0,0,3,0,0,0,0,0,0,0,0,0,0,4,0,0,4,0,3
ID_2031675_53_37__13_1_12,Aronia,5,0,1,4,0,4,2,0,2,0,0,3,0,4,0,0,0,0,0,0,0,0,0,2,0,0,4,0,0,0,0,0,0,0,4,0,0,2,0,1
ID_2031675_53_37__13_1_12,Wiener Walzer,4,0,3,1,0,2,4,0,2,0,0,2,2,4,0,0,0,0,0,4,0,3,0,0,0,0,4,0,0,0,3,0,0,0,1,0,2,0,0,0
ID_2038433_6_21__16_4_12,Sebastian,4,1,3,1,1,1,1,1,0,1,1,2,3,1,1,0,1,0,2,2,1,5,2,2,0,0,1,0,0,0,0,1,0,0,0,0,2,1,0,1
ID_2038433_6_21__16_4_12,Tuborg Classic,2,0,1,0,0,0,2,2,0,1,2,2,2,2,0,0,0,2,2,2,1,3,3,3,4,0,3,0,0,0,1,2,0,0,0,0,3,2,0,0
ID_2038433_6_21__16_4_12,Amigo,1,1,2,2,0,2,1,1,0,0,2,4,2,1,0,0,0,0,1,1,1,4,4,3,2,0,3,0,0,0,0,2,0,0,1,0,2,1,0,1
ID_2038433_6_21__16_4_12,Tuborg Nul,1,4,4,1,4,3,0,2,3,0,4,4,1,2,1,2,0,2,1,2,2,4,2,2,1,1,2,4,0,1,2,1,0,0,2,0,2,2,0,3
ID_2038433_6_21__16_4_12,Amarillo,4,1,2,2,1,0,3,4,3,3,3,1,3,1,4,4,3,1,0,4,2,1,4,2,1,2,3,1,0,2,3,2,0,0,1,1,4,3,0,1
ID_2038433_6_21__16_4_12,Brown Bella,2,1,1,0,0,0,3,4,4,2,3,0,0,2,4,3,3,1,0,4,4,1,4,4,1,2,2,0,0,0,3,1,0,0,1,0,4,4,0,0
ID_2038433_6_21__16_4_12,Alexander,1,2,1,1,1,0,5,5,3,4,2,0,1,2,5,4,4,2,0,5,3,0,3,4,1,3,4,1,1,2,3,4,0,0,0,0,4,4,0,0
ID_2038433_6_21__16_4_12,Wiener Walzer,2,1,1,1,0,2,1,2,2,1,2,3,2,2,0,0,1,3,1,2,0,4,2,3,4,0,3,1,1,0,1,3,0,0,1,0,3,1,1,1
ID_2038433_6_21__16_4_12,Angelina,4,0,1,0,0,1,3,4,4,4,2,3,2,3,3,1,1,1,1,5,4,0,3,3,2,3,4,1,0,0,3,3,0,0,1,0,3,4,0,0
ID_2038433_6_21__16_4_12,Aronia,6,0,5,6,3,3,4,3,0,0,0,2,1,4,0,0,0,3,0,4,0,0,2,4,0,0,0,4,1,1,0,0,0,6,1,0,0,4,0,2
ID_2079147_17_27__16_4_12,Tuborg Nul,0,5,4,3,2,4,1,2,1,1,2,4,1,2,0,1,0,0,1,1,0,5,3,3,2,0,2,2,0,0,1,1,3,2,3,3,1,1,0,4
ID_2079147_17_27__16_4_12,Brown Bella,4,0,1,2,1,1,5,4,3,5,2,1,5,1,3,2,1,3,2,4,2,1,2,3,2,3,5,1,3,3,3,2,1,2,1,0,5,2,2,1
ID_2079147_17_27__16_4_12,Tuborg Classic,0,4,3,2,3,5,0,1,1,1,2,6,1,2,0,1,1,1,0,0,1,6,3,2,2,1,1,2,2,1,1,1,4,2,2,4,2,1,1,3
ID_2079147_17_27__16_4_12,Wiener Walzer,5,1,1,4,2,1,4,3,4,4,3,1,5,4,2,3,3,4,2,4,3,1,2,3,2,2,5,1,3,2,3,3,2,2,1,1,5,3,2,2
ID_2079147_17_27__16_4_12,Sebastian,3,3,6,5,5,5,2,1,1,1,2,3,2,2,1,2,1,2,3,2,1,5,4,4,2,0,2,5,1,2,0,0,2,0,4,1,3,2,1,2
ID_2079147_17_27__16_4_12,Aronia,3,2,2,6,5,6,6,5,4,5,1,0,6,6,3,1,1,1,1,5,2,0,2,4,0,1,1,0,2,4,1,2,6,6,6,1,2,5,6,2
ID_2079147_17_27__16_4_12,Amigo,4,2,3,4,3,5,4,4,4,4,4,1,4,4,4,4,3,3,5,5,2,2,4,3,3,2,5,4,3,3,3,3,3,1,1,1,5,3,1,1
ID_2079147_17_27__16_4_12,Angelina,5,1,1,4,2,2,5,4,5,6,2,1,5,4,3,4,4,4,4,5,4,1,2,4,1,4,5,1,4,4,5,6,3,3,2,1,4,5,2,1
ID_2079147_17_27__16_4_12,Amarillo,5,1,1,2,1,2,5,4,2,5,2,1,5,3,2,5,4,2,4,5,2,2,4,2,2,1,5,2,3,4,3,4,4,4,2,1,4,3,3,2
ID_2079147_17_27__16_4_12,Alexander,6,0,1,3,1,2,6,5,4,6,2,0,5,2,5,2,4,4,5,5,4,0,2,2,0,3,6,1,2,3,6,5,5,5,1,0,5,3,2,1
ID_2079185_45_40__13_1_12,Tuborg Nul,2,2,4,3,1,1,1,0,1,2,1,3,2,2,0,2,0,2,0,4,0,3,3,3,1,0,4,1,1,0,1,2,2,0,2,1,3,2,0,2
ID_2079185_45_40__13_1_12,Brown Bella,2,1,3,1,2,2,4,3,3,3,2,1,4,2,3,2,2,3,0,5,2,2,3,3,2,2,2,1,2,3,4,3,1,0,1,0,4,3,2,0
ID_2079185_45_40__13_1_12,Tuborg Classic,2,2,2,1,1,4,1,2,1,0,2,5,0,1,2,1,0,2,0,1,3,5,3,3,5,0,2,0,1,0,0,0,1,1,2,2,2,2,0,1
ID_2079185_45_40__13_1_12,Wiener Walzer,4,1,2,3,1,2,1,1,1,3,2,2,4,2,1,1,2,2,1,3,2,2,1,3,3,2,3,0,3,3,1,0,2,0,2,0,3,3,1,2
ID_2079185_45_40__13_1_12,Sebastian,2,4,3,4,4,4,1,1,0,3,3,3,1,2,2,2,3,2,2,2,4,1,2,2,3,0,4,3,2,1,2,0,3,0,2,1,2,2,2,3
ID_2079185_45_40__13_1_12,Aronia,2,5,6,5,4,4,3,2,0,1,2,1,0,2,0,1,0,3,1,4,0,0,3,4,2,0,1,2,2,2,0,0,3,0,6,2,1,2,0,3
ID_2079185_45_40__13_1_12,Amigo,3,1,3,3,0,2,2,1,3,0,2,4,4,1,0,2,1,2,1,5,4,1,3,2,3,1,4,0,2,3,0,2,1,0,2,0,4,2,1,2
ID_2079185_45_40__13_1_12,Angelina,4,0,3,3,0,0,2,2,4,4,1,2,4,4,1,2,2,3,3,4,3,0,1,2,1,2,4,1,1,3,2,4,2,1,1,0,4,3,1,1
ID_2079185_45_40__13_1_12,Amarillo,2,1,1,3,2,3,2,4,3,1,1,1,4,2,2,4,2,2,1,1,3,2,3,2,3,2,3,2,2,2,1,2,2,0,2,0,3,3,2,0
ID_2079185_45_40__13_1_12,Alexander,4,1,2,1,1,1,5,4,3,4,6,0,2,2,4,3,3,2,1,4,2,1,5,5,0,4,2,0,3,2,4,5,2,0,0,0,4,5,2,0
ID_2084127_16_19__23_13_6,Tuborg Classic,2,0,0,3,0,0,0,0,0,0,3,2,1,1,0,0,0,0,0,3,0,3,2,0,3,0,3,1,0,0,0,2,0,0,0,0,3,1,0,0
ID_2084127_16_19__23_13_6,Tuborg Nul,0,3,3,3,5,4,0,0,0,0,4,4,0,0,0,2,0,0,0,3,0,5,0,4,2,0,0,1,0,0,0,0,0,0,0,3,1,0,0,4
ID_2084127_16_19__23_13_6,Sebastian,0,2,3,3,2,5,1,0,0,0,4,1,0,1,0,0,0,0,0,3,0,4,0,2,2,0,0,4,0,0,0,0,0,0,0,2,0,2,0,5
ID_2084127_16_19__23_13_6,Brown Bella,2,2,0,0,0,0,4,1,2,1,3,1,1,1,1,0,0,0,0,3,0,0,0,3,3,4,3,0,0,2,1,1,0,0,0,0,4,0,0,0
ID_2084127_16_19__23_13_6,Amigo,1,0,2,4,0,2,0,0,0,0,3,2,0,0,0,0,0,0,0,2,0,4,0,2,3,0,1,2,0,0,0,0,0,0,0,0,1,0,0,4
ID_2084127_16_19__23_13_6,Wiener Walzer,4,0,3,5,0,0,0,0,1,4,0,0,2,6,1,0,0,0,0,4,0,0,0,2,0,0,4,0,0,2,0,2,0,0,0,0,4,0,0,0
ID_2084127_16_19__23_13_6,Amarillo,1,0,3,4,1,4,0,3,0,0,3,1,1,2,0,0,1,0,1,4,0,1,3,3,4,0,4,1,0,0,0,0,0,0,1,0,1,0,0,6
ID_2084127_16_19__23_13_6,Aronia,0,5,2,4,6,5,0,0,0,0,3,0,0,0,0,0,0,0,0,2,0,5,1,2,0,0,0,2,0,0,0,0,0,0,0,6,0,0,0,2
ID_2084127_16_19__23_13_6,Alexander,3,5,0,0,0,0,5,2,6,6,0,0,4,6,2,0,0,0,0,5,1,0,0,3,0,3,1,0,5,6,2,1,0,5,2,0,3,0,0,0
ID_2084127_16_19__23_13_6,Angelina,2,0,2,1,0,2,2,2,1,0,2,0,2,2,0,0,0,0,0,2,0,4,1,3,3,0,3,1,3,5,2,4,0,1,0,0,2,0,0,2
ID_2087131_4_46__14_30_11,Angelina,5,0,0,0,0,3,5,5,0,6,5,3,5,6,0,0,0,0,0,6,0,4,6,5,3,4,6,0,0,0,4,0,0,0,0,0,6,6,0,2
ID_2087131_4_46__14_30_11,Alexander,0,0,0,0,0,0,6,5,6,6,3,0,4,4,3,0,4,3,2,6,0,0,0,6,0,4,4,0,5,3,6,0,0,0,0,0,5,6,0,0
ID_2087131_4_46__14_30_11,Aronia,2,6,6,1,6,6,0,1,0,0,0,4,0,0,0,0,0,0,0,3,0,6,2,6,0,0,0,4,0,0,0,0,0,0,4,5,0,0,0,6
ID_2087131_4_46__14_30_11,Amarillo,6,0,0,0,3,3,3,2,0,0,6,1,4,0,0,0,0,3,0,2,0,6,3,3,6,0,2,1,1,1,0,0,0,0,0,0,1,0,0,1
ID_2087131_4_46__14_30_11,Wiener Walzer,5,0,2,0,0,0,0,3,0,1,6,3,1,0,0,0,0,0,3,3,0,6,6,0,6,0,1,0,0,0,0,0,0,0,0,0,0,0,0,0
ID_2087131_4_46__14_30_11,Amigo,0,0,0,1,0,1,0,0,0,0,3,5,4,1,0,0,0,0,0,0,0,6,0,0,6,0,4,0,0,0,0,0,0,0,0,0,5,0,0,3
ID_2087131_4_46__14_30_11,Brown Bella,5,0,0,0,0,0,5,5,3,5,6,0,3,3,0,0,3,3,1,6,0,0,6,6,0,3,4,0,0,0,0,0,0,0,0,0,5,6,0,0
ID_2087131_4_46__14_30_11,Sebastian,6,0,4,0,0,6,0,0,0,0,0,6,0,5,0,0,0,3,4,0,0,6,0,0,6,0,0,4,0,0,0,0,0,0,5,1,5,0,0,2
ID_2087131_4_46__14_30_11,Tuborg Nul,0,2,0,0,2,0,0,2,0,0,0,6,0,0,0,0,0,1,0,0,0,6,0,0,0,0,0,4,0,0,0,0,0,6,0,0,0,0,0,2
ID_2087131_4_46__14_30_11,Tuborg Classic,2,0,0,0,0,0,4,4,2,2,6,2,2,1,0,0,0,4,0,6,0,0,6,4,0,1,3,0,0,0,0,0,0,0,0,0,3,4,0,0
ID_2164614_6_2__11_1_12,Aronia,4,0,5,6,5,6,2,1,0,0,1,1,2,0,0,0,0,2,0,4,0,1,4,3,1,0,1,5,0,0,0,0,0,0,2,2,1,2,0,4
ID_2164614_6_2__11_1_12,Angelina,4,2,0,1,0,1,2,3,2,1,5,0,3,1,0,5,2,4,2,4,4,4,4,4,4,0,4,0,1,0,4,3,0,1,1,1,5,2,1,4
ID_2164614_6_2__11_1_12,Wiener Walzer,5,2,0,0,0,0,1,5,4,1,4,1,3,1,0,2,0,5,4,4,2,2,4,4,4,0,5,0,0,0,4,4,1,1,0,0,4,3,1,5
ID_2164614_6_2__11_1_12,Alexander,5,4,0,0,0,0,6,6,5,6,4,0,1,6,6,6,5,5,0,6,6,0,4,6,0,6,1,0,0,0,6,6,4,0,0,0,5,5,0,0
ID_2164614_6_2__11_1_12,Brown Bella,5,4,0,0,0,2,4,4,1,0,5,2,3,0,0,4,0,1,4,2,5,5,2,4,6,0,5,0,0,0,2,4,5,0,0,0,4,2,0,4
ID_2164614_6_2__11_1_12,Amarillo,5,0,0,0,0,2,0,5,1,0,2,0,4,3,0,0,0,5,3,2,0,2,4,5,4,0,6,0,0,0,2,0,2,0,0,0,5,3,0,4
ID_2164614_6_2__11_1_12,Tuborg Nul,0,5,0,0,0,0,0,2,0,0,4,4,2,0,0,4,0,0,2,2,4,6,2,1,3,0,4,0,0,0,1,2,0,0,0,0,4,1,0,1
ID_2164614_6_2__11_1_12,Amigo,5,1,0,0,0,0,5,5,2,1,4,0,4,5,0,1,0,5,4,4,2,0,0,4,2,0,6,0,0,0,0,0,2,2,1,0,2,4,1,6
ID_2164614_6_2__11_1_12,Tuborg Classic,3,3,0,0,0,1,3,4,2,2,5,2,3,1,0,4,0,3,2,2,3,2,4,3,5,0,4,0,0,0,3,0,0,0,0,0,5,2,0,4
ID_2164614_6_2__11_1_12,Sebastian,3,1,5,5,4,0,2,4,1,0,2,1,6,0,0,2,0,2,2,5,1,3,3,5,2,0,4,1,0,0,2,0,2,0,0,0,4,4,0,5
ID_2184826_49_49__14_30_11,Amarillo,0,4,5,4,1,5,3,1,0,3,1,3,0,4,0,0,0,0,0,5,3,2,3,4,2,0,4,1,0,0,0,0,1,0,0,0,4,3,0,4
ID_2184826_49_49__14_30_11,Amigo,3,4,3,3,1,6,3,0,0,1,2,2,1,4,0,0,0,1,0,6,0,2,3,3,2,0,4,3,0,0,0,0,0,0,0,0,2,4,0,5
ID_2184826_49_49__14_30_11,Alexander,1,2,2,3,0,2,6,1,0,5,2,1,5,0,3,5,2,2,0,6,1,2,3,3,2,3,5,0,0,1,0,1,0,0,1,0,5,4,0,4
ID_2184826_49_49__14_30_11,Sebastian,0,5,5,4,0,5,1,0,0,0,3,6,0,0,0,0,0,3,0,5,0,0,0,4,3,0,4,1,0,0,1,0,0,0,1,0,1,0,0,5
ID_2184826_49_49__14_30_11,Angelina,4,2,0,3,2,2,4,0,1,5,4,2,4,4,0,5,0,2,0,5,0,2,1,2,4,0,3,0,0,1,0,1,0,0,2,0,3,4,0,1
ID_2184826_49_49__14_30_11,Tuborg Classic,0,6,0,1,0,1,1,0,0,3,6,5,4,2,0,0,0,1,0,4,0,3,0,4,5,0,3,0,0,0,0,1,0,0,1,0,1,0,0,1
ID_2184826_49_49__14_30_11,Aronia,1,6,5,6,6,6,4,0,0,0,0,6,1,3,0,0,0,0,0,6,0,2,2,4,3,0,1,6,0,1,0,0,0,1,4,0,1,2,0,2
ID_2184826_49_49__14_30_11,Tuborg Nul,0,4,5,5,2,6,0,0,0,0,2,6,1,1,0,0,0,0,0,5,0,1,1,0,1,0,2,5,0,0,0,0,0,1,6,1,0,0,0,6
ID_2184826_49_49__14_30_11,Wiener Walzer,4,0,5,0,0,3,1,0,0,1,3,6,1,0,1,0,0,0,0,5,0,0,2,3,2,0,3,0,0,0,0,0,0,0,0,0,0,3,0,0
ID_2184826_49_49__14_30_11,Brown Bella,0,2,2,1,0,1,1,0,0,0,0,2,0,1,0,2,0,0,0,5,0,0,4,3,3,0,1,0,0,0,0,1,0,0,2,1,3,2,0,0
ID_2221875_41_26__16_4_12,Tuborg Classic,1,3,0,1,0,0,3,1,0,2,3,2,3,1,0,0,0,1,0,2,0,3,3,2,6,0,3,0,1,1,1,3,0,0,1,1,3,1,1,0
ID_2221875_41_26__16_4_12,Tuborg Nul,0,2,3,2,3,2,0,0,0,0,1,5,0,1,0,0,0,0,1,1,0,6,2,0,0,0,0,3,0,0,0,0,0,6,4,6,0,0,1,2
ID_2221875_41_26__16_4_12,Sebastian,3,0,3,4,1,4,3,1,0,1,2,1,1,2,0,0,0,2,1,3,0,3,3,4,1,0,3,2,2,2,0,0,0,2,1,1,3,3,0,3
ID_2221875_41_26__16_4_12,Brown Bella,0,4,0,0,0,0,5,5,6,6,1,0,5,3,4,3,3,1,0,4,0,0,1,2,0,4,4,0,4,4,4,4,5,0,1,0,4,5,0,0
ID_2221875_41_26__16_4_12,Amigo,1,0,4,3,3,3,2,0,0,0,2,1,1,2,0,0,0,1,0,1,0,2,2,1,1,0,2,3,1,1,0,2,0,1,2,1,1,1,1,2
ID_2221875_41_26__16_4_12,Wiener Walzer,0,0,0,1,0,0,3,2,2,1,3,0,3,2,2,1,1,1,1,2,0,1,3,3,3,0,3,0,1,1,1,3,0,0,0,0,3,2,0,0
ID_2221875_41_26__16_4_12,Amarillo,5,0,4,4,2,3,4,2,0,1,1,0,3,3,0,0,0,2,1,3,0,1,3,4,0,0,3,2,2,0,0,0,0,1,1,0,4,4,0,2
ID_2221875_41_26__16_4_12,Aronia,1,0,6,6,6,6,3,0,0,0,0,0,2,6,0,0,0,0,0,0,0,0,1,2,0,0,0,6,1,2,0,0,0,4,3,2,0,2,0,3
ID_2221875_41_26__16_4_12,Alexander,1,4,0,0,0,0,5,3,2,5,4,0,1,3,4,4,4,0,0,5,0,0,3,3,1,5,4,0,3,1,2,2,2,0,0,0,3,3,0,0
ID_2221875_41_26__16_4_12,Angelina,3,0,1,2,0,1,4,2,1,1,2,0,3,3,0,0,0,1,0,4,0,2,3,3,2,0,3,1,2,2,0,1,0,1,1,0,2,3,0,2
ID_2277931_12_29__14_4_12,Sebastian,3,5,4,3,3,3,2,1,1,1,3,3,1,1,0,1,0,1,0,2,1,4,3,3,2,0,3,3,0,0,0,0,0,2,3,1,1,1,0,2
ID_2277931_12_29__14_4_12,Tuborg Classic,4,0,0,1,0,1,5,1,3,4,0,0,5,5,0,0,0,1,2,3,3,0,3,1,6,0,2,0,1,2,1,5,0,0,0,0,4,3,3,0
ID_2277931_12_29__14_4_12,Amigo,3,1,3,1,0,2,4,3,2,2,0,1,2,5,0,0,0,2,3,3,1,2,1,0,3,0,2,0,2,2,0,4,0,3,1,0,4,3,2,0
ID_2277931_12_29__14_4_12,Tuborg Nul,5,0,0,4,0,1,6,5,2,2,1,0,4,6,0,0,4,4,3,6,1,0,0,0,0,0,2,1,2,4,0,5,0,6,6,0,2,5,4,0
ID_2277931_12_29__14_4_12,Amarillo,1,2,0,1,0,0,4,5,3,2,3,0,4,1,0,0,0,0,2,3,2,0,3,0,2,0,1,0,1,3,2,3,0,0,0,0,4,4,2,0
ID_2277931_12_29__14_4_12,Brown Bella,3,0,0,1,0,0,6,0,3,6,0,0,3,6,6,0,0,4,3,6,2,0,0,0,0,2,0,0,5,4,2,2,0,0,5,0,0,0,3,0
ID_2277931_12_29__14_4_12,Alexander,3,4,3,2,4,3,1,2,0,0,4,2,1,0,0,1,0,0,1,2,0,4,3,2,1,0,2,0,0,0,0,2,0,0,0,0,2,3,0,3
ID_2277931_12_29__14_4_12,Wiener Walzer,2,0,2,6,0,0,6,3,0,3,0,0,0,6,0,0,0,0,2,4,2,0,0,0,0,0,0,0,1,4,0,1,0,2,5,0,0,5,0,0
ID_2277931_12_29__14_4_12,Angelina,2,2,6,6,6,5,6,0,0,0,0,0,0,6,0,0,0,5,0,5,0,0,0,3,0,0,0,6,2,4,0,0,0,2,6,4,0,4,0,4
ID_2277931_12_29__14_4_12,Aronia,2,0,0,0,0,0,3,3,2,6,0,0,3,2,0,0,0,1,3,2,0,0,3,0,2,0,0,0,0,0,1,5,0,0,0,0,3,3,0,0
ID_2283222_7_19__14_1_12,Wiener Walzer,4,2,2,4,0,2,3,0,0,2,3,2,3,1,0,2,0,0,0,1,0,3,3,2,3,0,3,0,1,1,0,0,0,0,1,0,3,2,0,1
ID_2283222_7_19__14_1_12,Aronia,0,3,4,6,4,6,4,0,0,1,0,1,0,4,0,0,0,0,0,3,0,1,2,2,1,0,0,4,0,0,0,0,0,0,4,2,0,1,0,3
ID_2283222_7_19__14_1_12,Brown Bella,4,1,0,0,0,1,2,4,1,4,4,1,3,1,1,5,2,1,0,4,4,1,3,4,2,3,2,0,0,2,1,4,0,0,0,0,2,4,0,0
ID_2283222_7_19__14_1_12,Angelina,3,1,3,2,1,1,1,2,0,0,3,1,3,2,0,0,0,0,0,1,0,3,3,3,3,0,3,3,0,0,0,0,0,0,0,0,1,3,0,0
ID_2283222_7_19__14_1_12,Tuborg Nul,0,5,5,4,5,6,1,0,0,0,1,1,0,0,0,0,0,0,0,0,0,5,5,2,3,0,0,5,0,0,0,0,0,0,3,0,0,3,0,6
ID_2283222_7_19__14_1_12,Alexander,3,0,0,0,0,0,6,5,0,6,0,0,5,4,4,5,4,0,0,6,4,0,0,5,3,3,3,0,0,3,3,4,0,1,0,0,3,3,0,0
ID_2283222_7_19__14_1_12,Tuborg Classic,3,1,4,2,2,2,3,0,0,0,3,1,0,1,0,0,0,0,0,2,3,2,2,0,3,0,2,2,0,0,0,0,0,0,0,0,1,2,0,2
ID_2283222_7_19__14_1_12,Amarillo,5,1,4,4,1,4,1,0,0,0,2,1,4,1,0,0,0,3,0,1,0,2,3,2,3,0,3,4,0,0,0,0,0,0,0,0,3,1,0,2
ID_2283222_7_19__14_1_12,Sebastian,4,3,3,4,0,4,2,0,0,0,1,2,4,1,0,0,0,1,0,1,0,0,2,0,3,0,3,4,0,0,0,0,0,0,2,0,2,0,0,1
ID_2283222_7_19__14_1_12,Amigo,3,1,4,0,3,4,0,0,0,0,2,2,1,2,0,0,0,0,0,3,0,4,3,0,3,0,2,3,0,0,0,0,0,0,0,0,3,0,0,3
ID_2290307_6_49__14_30_11,Aronia,3,4,3,4,4,5,5,2,3,3,3,3,4,4,1,1,1,3,1,5,2,3,2,4,2,1,4,5,2,2,3,2,1,2,5,4,3,3,3,3
ID_2290307_6_49__14_30_11,Angelina,4,2,1,2,2,2,3,3,4,2,2,2,2,3,1,1,1,3,0,2,0,2,2,4,3,1,3,1,2,3,3,1,0,1,2,1,4,2,2,1
ID_2290307_6_49__14_30_11,Wiener Walzer,3,2,2,2,1,2,2,3,3,1,3,3,3,3,0,0,0,3,1,4,2,2,3,3,2,0,4,0,2,2,2,3,0,2,1,0,4,3,1,2
ID_2290307_6_49__14_30_11,Alexander,4,3,1,3,6,2,3,4,5,4,2,2,3,3,3,3,2,2,2,5,2,2,3,4,2,4,4,2,3,3,5,3,2,3,2,0,3,3,1,1
ID_2290307_6_49__14_30_11,Brown Bella,4,2,0,2,0,2,4,2,3,4,2,2,3,4,2,1,1,4,1,3,3,2,2,3,2,2,4,0,3,3,3,3,1,3,2,0,3,2,1,2
ID_2290307_6_49__14_30_11,Amarillo,5,2,4,2,4,6,4,2,1,2,4,3,1,4,0,2,0,2,1,4,2,2,4,4,2,0,3,2,2,2,2,0,1,2,4,1,4,4,1,4
ID_2290307_6_49__14_30_11,Tuborg Nul,1,2,1,2,1,2,0,0,0,1,1,6,1,1,0,0,0,1,1,1,1,5,1,2,1,0,2,2,1,1,1,0,3,1,2,3,1,1,0,2
ID_2290307_6_49__14_30_11,Amigo,2,3,2,2,2,3,2,3,3,2,3,2,2,2,0,0,0,2,1,2,1,4,3,4,3,0,4,1,2,2,2,1,1,2,2,1,4,3,1,3
ID_2290307_6_49__14_30_11,Tuborg Classic,2,2,3,3,2,3,3,3,2,3,3,2,3,3,1,1,0,2,2,3,1,3,3,4,3,0,4,2,1,1,2,1,1,2,2,1,4,4,0,2
ID_2290307_6_49__14_30_11,Sebastian,2,3,4,2,2,4,3,2,2,2,3,2,3,2,0,0,0,1,2,3,1,3,4,5,3,0,5,1,2,2,2,2,2,0,2,1,4,4,0,2
ID_2290307_6_49__14_30_11,Aronia,3,4,3,4,4,5,5,2,3,3,3,3,4,4,1,1,1,3,1,5,2,3,2,4,2,1,4,5,2,2,3,2,1,2,5,4,3,3,3,3
ID_2290307_6_49__14_30_11,Angelina,4,2,1,2,2,2,3,3,4,2,2,2,2,3,1,1,1,3,0,2,0,2,2,4,3,1,3,1,2,3,3,1,0,1,2,1,4,2,2,1
ID_2290307_6_49__14_30_11,Wiener Walzer,3,2,2,2,1,2,2,3,3,1,3,3,3,3,0,0,0,3,1,4,2,2,3,3,2,0,4,0,2,2,2,3,0,2,1,0,4,3,1,2
ID_2290307_6_49__14_30_11,Alexander,4,3,1,3,6,2,3,4,5,4,2,2,3,3,3,3,2,2,2,5,2,2,3,4,2,4,4,2,3,3,5,3,2,3,2,0,3,3,1,1
ID_2290307_6_49__14_30_11,Brown Bella,4,2,0,2,0,2,4,2,3,4,2,2,3,4,2,1,1,4,1,3,3,2,2,3,2,2,4,0,3,3,3,3,1,3,2,0,3,2,1,2
ID_2290307_6_49__14_30_11,Amarillo,5,2,4,2,4,6,4,2,1,2,4,3,1,4,0,2,0,2,1,4,2,2,4,4,2,0,3,2,2,2,2,0,1,2,4,1,4,4,1,4
ID_2290307_6_49__14_30_11,Tuborg Nul,1,2,1,2,1,2,0,0,0,1,1,6,1,1,0,0,0,1,1,1,1,5,1,2,1,0,2,2,1,1,1,0,3,1,2,3,1,1,0,2
ID_2290307_6_49__14_30_11,Amigo,2,3,2,2,2,3,2,3,3,2,3,2,2,2,0,0,0,2,1,2,1,4,3,4,3,0,4,1,2,2,2,1,1,2,2,1,4,3,1,3
ID_2290307_6_49__14_30_11,Tuborg Classic,2,2,3,3,2,3,3,3,2,3,3,2,3,3,1,1,0,2,2,3,1,3,3,4,3,0,4,2,1,1,2,1,1,2,2,1,4,4,0,2
ID_2290307_6_49__14_30_11,Sebastian,2,3,4,2,2,4,3,2,2,2,3,2,3,2,0,0,0,1,2,3,1,3,4,5,3,0,5,1,2,2,2,2,2,0,2,1,4,4,0,2
ID_2345547_36_36__15_30_11,Tuborg Nul,1,4,4,1,0,3,1,0,0,0,4,3,0,1,0,0,0,0,0,2,0,3,3,1,2,0,1,3,2,0,1,0,1,0,2,2,2,1,0,0
ID_2345547_36_36__15_30_11,Brown Bella,2,1,1,4,1,1,5,5,3,4,4,1,2,5,4,1,0,2,0,3,0,1,2,3,1,1,3,1,1,0,1,2,0,0,1,0,2,3,0,0
ID_2345547_36_36__15_30_11,Tuborg Classic,4,0,1,6,0,1,3,3,1,2,2,0,4,5,0,0,1,3,0,2,0,0,2,0,1,0,2,1,3,4,0,0,1,0,2,0,2,2,0,0
ID_2345547_36_36__15_30_11,Wiener Walzer,1,3,5,5,4,4,5,3,0,1,2,2,1,5,0,0,0,1,1,2,0,3,2,1,2,0,2,5,0,1,0,0,1,0,2,0,2,2,0,0
ID_2345547_36_36__15_30_11,Sebastian,2,4,5,6,1,4,5,3,0,1,4,0,1,5,0,0,0,1,0,4,0,1,4,2,2,0,4,6,1,0,0,0,1,0,1,0,2,2,0,0
ID_2345547_36_36__15_30_11,Aronia,2,4,2,6,4,5,5,3,1,3,1,0,0,6,0,0,0,2,0,6,1,1,2,3,0,0,0,6,1,0,0,0,0,0,4,4,1,2,0,2
ID_2345547_36_36__15_30_11,Amigo,5,0,4,1,1,2,3,1,1,1,2,3,1,4,0,0,0,3,4,4,0,1,1,3,1,0,1,4,4,4,4,2,1,4,4,0,2,3,0,0
ID_2345547_36_36__15_30_11,Angelina,6,0,0,3,0,1,5,5,6,5,2,1,4,1,0,0,1,5,0,4,4,0,4,1,1,0,5,0,4,4,5,4,2,2,1,0,4,4,0,0
ID_2345547_36_36__15_30_11,Amarillo,2,2,5,4,1,2,4,4,1,2,2,3,4,3,1,0,0,3,1,5,0,1,3,2,3,0,4,5,1,2,1,0,3,0,2,0,3,3,0,1
ID_2345547_36_36__15_30_11,Alexander,6,0,2,2,1,1,6,6,5,6,2,1,2,5,2,1,4,1,0,5,5,1,2,3,1,3,4,1,5,5,5,6,3,1,3,0,4,4,0,0
ID_2371002_56_39__14_4_12,Tuborg Classic,2,2,0,1,0,0,1,5,0,0,3,1,6,1,0,0,0,0,0,2,0,3,3,0,5,0,2,0,1,3,0,0,0,0,0,0,3,2,0,0
ID_2371002_56_39__14_4_12,Tuborg Nul,1,2,2,2,3,4,0,0,0,0,1,1,0,0,0,1,0,0,0,0,0,4,3,0,1,0,0,3,2,0,0,0,0,0,1,3,0,1,0,1
ID_2371002_56_39__14_4_12,Sebastian,4,3,1,1,0,5,0,3,0,0,0,0,0,4,0,0,0,0,0,4,0,0,1,2,0,0,0,0,0,0,0,0,0,2,3,0,0,0,0,0
ID_2371002_56_39__14_4_12,Brown Bella,3,0,0,0,0,0,3,4,0,2,1,0,1,0,0,0,0,0,0,2,0,0,6,2,6,0,3,0,0,1,0,0,0,0,0,0,2,0,0,0
ID_2371002_56_39__14_4_12,Amigo,0,2,4,2,0,2,0,0,0,0,1,4,0,1,0,0,0,0,0,1,0,1,0,0,0,0,0,3,0,0,0,0,0,3,6,6,0,0,0,1
ID_2371002_56_39__14_4_12,Wiener Walzer,2,2,2,2,1,0,0,1,0,0,0,3,0,2,0,0,0,0,0,1,0,4,1,1,0,0,0,0,1,0,0,0,1,0,2,0,0,0,3,0
ID_2371002_56_39__14_4_12,Amarillo,1,2,1,1,0,1,2,2,0,0,2,1,0,4,0,0,0,0,0,4,0,2,0,2,0,0,2,0,0,0,0,0,0,6,1,0,0,1,0,1
ID_2371002_56_39__14_4_12,Aronia,6,4,6,6,6,6,6,6,0,0,0,0,0,6,0,0,0,3,0,1,0,0,0,0,0,0,0,5,6,6,0,0,0,6,6,0,0,0,0,0
ID_2371002_56_39__14_4_12,Alexander,5,0,0,0,0,0,0,2,2,3,1,0,2,0,0,1,0,0,0,2,1,2,3,2,2,1,2,0,0,0,0,0,0,0,0,0,2,0,0,0
ID_2371002_56_39__14_4_12,Angelina,3,0,1,2,0,0,3,3,0,2,0,0,0,0,0,0,0,0,0,2,0,0,0,2,3,0,1,0,0,1,0,0,0,0,0,0,0,2,0,0
ID_2399322_0_47__13_1_12,Tuborg Classic,4,2,2,3,1,2,4,4,2,3,2,2,3,3,4,2,2,3,4,2,3,3,3,3,4,2,4,2,3,3,3,2,1,3,2,1,4,3,1,2
ID_2399322_0_47__13_1_12,Tuborg Nul,1,4,6,5,4,5,1,4,0,0,3,4,1,2,1,2,0,2,1,1,3,4,3,1,2,1,1,5,2,2,0,0,2,4,3,5,1,2,1,5
ID_2399322_0_47__13_1_12,Sebastian,3,4,4,5,5,6,2,3,1,1,4,2,4,2,1,3,0,2,3,2,1,3,3,3,1,2,5,3,2,2,2,1,1,2,3,2,3,4,2,6
ID_2399322_0_47__13_1_12,Brown Bella,4,2,1,1,1,1,5,5,4,5,4,1,3,4,4,5,5,2,3,5,5,1,3,2,1,5,3,1,1,2,5,4,4,1,3,1,3,4,4,1
ID_2399322_0_47__13_1_12,Amigo,3,2,4,2,3,2,1,1,0,0,1,4,1,0,1,1,0,1,1,1,2,5,2,1,3,1,1,3,4,2,1,1,0,5,4,2,3,1,0,3
ID_2399322_0_47__13_1_12,Wiener Walzer,4,1,3,1,1,4,2,4,3,0,2,3,3,2,4,2,2,1,1,2,5,2,2,2,1,1,3,4,1,1,4,3,1,4,2,1,3,2,0,2
ID_2399322_0_47__13_1_12,Amarillo,2,3,6,6,5,6,4,2,0,0,2,3,2,2,1,3,0,2,1,2,2,2,3,3,0,0,1,6,3,2,0,0,0,4,4,4,0,3,0,5
ID_2399322_0_47__13_1_12,Aronia,4,3,0,1,0,0,5,5,4,6,5,0,4,6,6,5,5,3,5,4,5,0,4,3,1,5,3,0,1,2,6,6,5,1,3,0,5,5,4,0
ID_2399322_0_47__13_1_12,Alexander,4,3,1,1,2,3,4,5,4,4,2,1,3,3,2,5,4,2,3,3,5,1,3,3,1,4,3,1,2,1,5,4,5,3,2,1,3,5,1,2
ID_2399322_0_47__13_1_12,Angelina,1,2,2,2,2,3,2,3,1,3,1,3,2,1,2,1,1,1,1,2,2,3,2,2,5,2,4,3,2,1,2,1,2,2,2,1,3,2,1,1
ID_2401878_59_17__14_1_12,Brown Bella,4,1,0,1,1,3,4,4,3,4,3,0,5,5,4,3,2,0,0,4,2,2,2,4,0,6,5,1,5,4,6,4,1,4,2,1,6,4,2,5
ID_2401878_59_17__14_1_12,Wiener Walzer,2,2,3,3,4,5,1,1,0,1,4,2,1,4,0,4,0,2,4,3,2,3,4,4,3,0,6,4,2,3,3,0,2,0,0,3,3,4,1,5
ID_2401878_59_17__14_1_12,Tuborg Nul,1,4,4,1,1,4,0,0,0,0,4,6,0,1,0,5,0,0,4,1,2,6,2,5,3,0,5,4,0,0,0,1,0,0,5,2,3,0,2,5
ID_2401878_59_17__14_1_12,Aronia,1,3,6,6,6,6,2,2,0,1,2,4,1,1,0,0,0,2,0,5,0,0,0,3,0,0,2,6,1,1,0,0,1,2,4,6,1,0,1,6
ID_2401878_59_17__14_1_12,Tuborg Classic,2,1,3,4,1,3,2,3,0,1,3,3,2,1,1,1,0,0,2,3,4,3,4,4,3,0,4,1,3,3,0,1,2,1,1,3,3,2,4,3
ID_2401878_59_17__14_1_12,Angelina,5,5,5,4,4,4,4,2,2,4,2,3,1,4,5,0,0,3,5,2,4,1,1,4,0,0,6,4,0,3,1,0,2,2,1,4,4,0,1,5
ID_2401878_59_17__14_1_12,Sebastian,4,3,5,2,3,5,1,2,0,2,3,2,4,2,1,1,0,0,4,4,2,0,4,5,3,1,5,4,4,4,0,1,4,1,2,2,1,3,3,5
ID_2401878_59_17__14_1_12,Alexander,5,5,0,2,4,3,6,6,6,6,1,2,5,4,6,5,3,3,3,5,4,0,1,1,0,6,4,0,5,6,5,5,4,2,4,2,6,5,4,4
ID_2401878_59_17__14_1_12,Amigo,4,4,5,4,3,4,4,3,0,3,3,6,2,2,1,3,0,0,3,4,3,1,2,4,0,0,5,4,0,0,0,1,0,2,6,5,1,1,2,5
ID_2401878_59_17__14_1_12,Amarillo,4,4,5,4,4,5,3,3,0,3,2,2,4,3,4,3,0,2,5,4,3,1,3,5,1,0,6,4,4,4,1,0,1,1,3,2,1,4,4,4
ID_2432242_9_32__15_30_11,Tuborg Classic,4,1,3,2,0,2,1,0,2,0,2,3,4,2,0,1,0,2,0,3,1,4,2,1,3,0,4,3,1,0,0,3,0,0,0,2,2,1,0,0
ID_2432242_9_32__15_30_11,Tuborg Nul,4,1,4,5,1,1,1,0,0,0,3,6,0,1,0,0,0,1,0,1,0,4,4,1,2,0,0,3,0,0,0,0,1,3,0,3,1,0,0,2
ID_2432242_9_32__15_30_11,Sebastian,4,1,4,4,2,3,4,2,0,2,2,0,2,4,0,1,0,1,4,1,2,2,2,4,3,1,3,0,3,2,0,0,0,2,0,0,1,3,0,3
ID_2432242_9_32__15_30_11,Brown Bella,2,1,0,0,0,2,5,4,3,4,2,1,3,4,1,2,2,0,1,4,3,1,1,2,0,4,3,0,0,1,4,3,1,2,0,0,2,4,0,0
ID_2432242_9_32__15_30_11,Amigo,6,1,4,4,0,2,5,4,2,0,1,2,4,4,0,0,0,4,3,2,4,1,1,0,1,0,2,3,3,1,2,0,0,5,3,0,4,2,0,3
ID_2432242_9_32__15_30_11,Wiener Walzer,3,4,2,1,3,3,2,2,2,0,6,2,0,1,0,2,3,1,0,3,2,5,4,2,3,0,1,3,4,0,3,0,2,0,1,0,1,3,0,1
ID_2432242_9_32__15_30_11,Amarillo,4,0,2,1,2,3,4,4,1,2,4,1,2,4,0,3,0,0,4,4,4,1,3,4,0,3,3,0,2,2,2,2,0,2,0,0,4,4,1,3
ID_2432242_9_32__15_30_11,Aronia,6,2,5,6,4,6,4,0,0,0,0,0,0,6,0,0,0,1,0,2,0,0,0,4,0,0,0,4,1,1,0,0,0,2,6,4,0,0,0,6
ID_2432242_9_32__15_30_11,Alexander,3,4,2,2,0,2,6,4,4,4,4,0,3,0,3,2,5,0,2,5,5,0,1,2,0,6,0,0,3,3,4,2,1,2,1,0,0,4,2,0
ID_2432242_9_32__15_30_11,Angelina,2,2,2,1,0,4,0,3,4,1,4,2,2,5,0,3,2,2,2,4,4,3,3,3,2,2,3,0,3,2,4,3,0,1,0,0,0,2,0,0
ID_2432242_9_32__15_30_11,Tuborg Classic,4,1,3,2,0,2,1,0,2,0,2,3,4,2,0,1,0,2,0,3,1,4,2,1,3,0,4,3,1,0,0,3,0,0,0,2,2,1,0,0
ID_2432242_9_32__15_30_11,Tuborg Nul,4,1,4,5,1,1,1,0,0,0,3,6,0,1,0,0,0,1,0,1,0,4,4,1,2,0,0,3,0,0,0,0,1,3,0,3,1,0,0,2
ID_2432242_9_32__15_30_11,Sebastian,4,1,4,4,2,3,4,2,0,2,2,0,2,4,0,1,0,1,4,1,2,2,2,4,3,1,3,0,3,2,0,0,0,2,0,0,1,3,0,3
ID_2432242_9_32__15_30_11,Brown Bella,2,1,0,0,0,2,5,4,3,4,2,1,3,4,1,2,2,0,1,4,3,1,1,2,0,4,3,0,0,1,4,3,1,2,0,0,2,4,0,0
ID_2432242_9_32__15_30_11,Amigo,6,1,4,4,0,2,5,4,2,0,1,2,4,4,0,0,0,4,3,2,4,1,1,0,1,0,2,3,3,1,2,0,0,5,3,0,4,2,0,3
ID_2432242_9_32__15_30_11,Wiener Walzer,3,4,2,1,3,3,2,2,2,0,6,2,0,1,0,2,3,1,0,3,2,5,4,2,3,0,1,3,4,0,3,0,2,0,1,0,1,3,0,1
ID_2432242_9_32__15_30_11,Amarillo,4,0,2,1,2,3,4,4,1,2,4,1,2,4,0,3,0,0,4,4,4,1,3,4,0,3,3,0,2,2,2,2,0,2,0,0,4,4,1,3
ID_2432242_9_32__15_30_11,Aronia,6,2,5,6,4,6,4,0,0,0,0,0,0,6,0,0,0,1,0,2,0,0,0,4,0,0,0,4,1,1,0,0,0,2,6,4,0,0,0,6
ID_2432242_9_32__15_30_11,Alexander,3,4,2,2,0,2,6,4,4,4,4,0,3,0,3,2,5,0,2,5,5,0,1,2,0,6,0,0,3,3,4,2,1,2,1,0,0,4,2,0
ID_2432242_9_32__15_30_11,Angelina,2,2,2,1,0,4,0,3,4,1,4,2,2,5,0,3,2,2,2,4,4,3,3,3,2,2,3,0,3,2,4,3,0,1,0,0,0,2,0,0
ID_2485811_42_22__3_17_6,Brown Bella,3,4,1,2,1,2,3,4,1,3,3,2,1,2,0,1,1,1,0,3,1,4,4,3,4,0,3,1,2,2,2,1,0,0,2,0,4,1,0,1
ID_2485811_42_22__3_17_6,Wiener Walzer,4,2,1,4,0,2,4,4,3,4,3,1,3,2,0,0,0,4,2,4,1,2,2,2,2,0,4,3,4,4,2,1,0,4,3,0,5,4,0,2
ID_2485811_42_22__3_17_6,Tuborg Nul,2,1,4,5,1,3,1,1,0,1,2,6,1,2,0,0,0,2,1,1,1,5,2,1,4,0,3,4,3,1,0,0,2,2,3,0,2,1,0,3
ID_2485811_42_22__3_17_6,Aronia,5,1,4,5,3,4,5,4,1,4,1,1,4,3,0,1,0,2,1,4,0,1,2,1,1,0,4,4,4,3,3,0,1,3,3,3,3,5,0,3
ID_2485811_42_22__3_17_6,Tuborg Classic,4,3,2,3,0,1,3,3,1,2,3,3,4,4,0,2,0,3,1,3,0,3,4,3,5,0,4,3,2,2,1,0,0,1,1,0,3,3,0,1
ID_2485811_42_22__3_17_6,Angelina,4,2,1,4,0,1,3,4,2,3,3,1,3,2,0,0,0,3,3,4,3,2,2,4,2,1,3,3,3,3,0,2,0,2,2,0,4,4,0,3
ID_2485811_42_22__3_17_6,Sebastian,4,1,5,5,1,4,4,3,3,1,2,4,3,3,0,0,0,1,2,3,0,2,2,1,2,0,4,4,3,3,1,0,0,2,4,2,5,4,0,4
ID_2485811_42_22__3_17_6,Alexander,3,3,1,2,0,2,5,5,4,5,2,0,3,4,3,6,4,3,3,4,4,1,4,4,1,2,4,0,2,2,3,2,2,3,1,0,4,4,0,1
ID_2485811_42_22__3_17_6,Amigo,4,2,3,3,1,2,1,1,1,0,1,5,0,1,0,0,0,2,1,1,0,5,2,1,2,0,2,4,1,2,1,1,0,1,2,3,2,1,0,2
ID_2485811_42_22__3_17_6,Amarillo,4,2,3,3,1,1,4,4,1,4,2,1,4,4,0,2,2,3,2,4,1,1,4,3,2,0,4,4,3,2,3,1,0,3,2,3,4,4,0,2
ID_2493708_43_40__2_17_6,Amarillo,2,4,0,4,1,4,1,2,1,1,4,2,0,0,0,0,0,1,0,5,0,4,5,5,3,0,3,0,4,4,0,0,0,0,0,0,3,2,0,0
ID_2493708_43_40__2_17_6,Amigo,6,0,0,5,0,1,6,0,1,2,0,1,0,5,0,0,0,5,0,6,0,0,2,5,3,0,3,0,5,5,0,0,0,0,0,0,0,2,0,0
ID_2493708_43_40__2_17_6,Alexander,6,0,0,1,1,5,6,4,6,6,5,0,1,5,0,0,0,0,0,2,0,0,3,4,0,0,3,0,4,6,4,0,0,0,0,0,3,4,0,1
ID_2493708_43_40__2_17_6,Sebastian,6,2,0,6,5,5,5,4,5,2,2,5,0,6,1,0,0,6,0,1,0,0,1,2,3,0,3,0,1,5,2,0,0,0,0,0,3,5,0,4
ID_2493708_43_40__2_17_6,Angelina,5,6,5,5,5,6,2,5,0,0,5,0,0,4,0,2,0,2,0,6,0,5,3,4,0,0,3,0,5,4,1,0,0,0,0,0,3,5,0,4
ID_2493708_43_40__2_17_6,Tuborg Classic,5,1,0,5,0,1,5,6,6,5,5,2,0,6,0,0,0,5,0,5,0,0,1,6,0,0,3,0,4,4,6,0,0,0,0,0,3,4,0,0
ID_2493708_43_40__2_17_6,Aronia,4,1,0,1,0,0,0,0,3,0,0,6,3,0,0,0,0,1,0,0,0,3,0,1,3,0,0,0,4,4,0,0,0,0,3,0,0,0,0,0
ID_2493708_43_40__2_17_6,Tuborg Nul,2,6,4,6,6,6,1,5,0,0,6,2,0,0,0,0,0,4,0,6,0,6,6,4,0,0,0,4,1,1,0,0,0,0,1,0,0,6,0,4
ID_2493708_43_40__2_17_6,Wiener Walzer,0,0,2,1,2,2,0,4,0,0,0,6,0,0,0,0,0,5,0,1,0,6,0,2,0,0,0,0,0,1,0,0,0,0,4,0,0,1,0,1
ID_2493708_43_40__2_17_6,Brown Bella,6,0,0,6,0,0,0,4,6,0,0,0,0,4,0,0,0,6,0,4,0,0,0,2,0,0,0,0,0,1,6,0,0,6,3,0,0,0,0,0
ID_2502054_55_11__11_1_12,Sebastian,1,0,5,2,0,3,3,0,1,1,3,0,2,1,0,0,0,2,0,1,1,1,3,4,3,0,4,0,1,0,0,0,0,0,0,0,0,3,4,2
ID_2502054_55_11__11_1_12,Tuborg Classic,2,0,1,3,0,1,0,0,0,0,3,4,3,0,0,0,0,1,0,2,0,6,0,1,4,0,3,0,0,0,1,2,0,0,2,0,0,0,2,0
ID_2502054_55_11__11_1_12,Amigo,4,0,1,3,0,1,1,4,0,1,3,1,2,1,0,0,0,4,0,1,0,3,3,1,3,0,3,0,1,0,0,2,0,0,0,0,2,2,3,0
ID_2502054_55_11__11_1_12,Tuborg Nul,3,0,2,2,4,5,3,4,0,4,3,0,3,1,0,0,0,2,0,4,0,1,4,0,1,0,2,0,0,0,0,4,0,0,2,0,0,4,4,4
ID_2502054_55_11__11_1_12,Amarillo,3,1,1,4,1,4,4,2,1,3,4,1,3,4,1,1,0,2,0,4,1,1,3,5,1,2,2,0,0,0,0,1,0,0,1,0,2,4,3,1
ID_2502054_55_11__11_1_12,Brown Bella,4,0,1,4,0,2,4,2,2,5,1,0,1,2,0,1,0,4,0,4,2,0,1,5,0,3,3,0,2,2,2,2,3,2,3,0,2,4,3,2
ID_2502054_55_11__11_1_12,Alexander,1,3,2,1,2,4,6,2,0,4,1,1,3,1,0,2,0,3,0,5,4,0,0,6,0,4,0,0,4,1,3,3,6,6,3,0,0,4,1,2
ID_2502054_55_11__11_1_12,Wiener Walzer,2,0,2,5,0,2,2,2,2,0,4,4,4,0,0,2,1,3,0,1,0,4,3,1,4,0,2,0,0,0,0,2,0,0,0,0,2,4,4,0
ID_2502054_55_11__11_1_12,Angelina,3,0,2,3,0,2,3,3,4,3,3,0,3,2,0,0,0,2,0,2,0,0,3,2,3,0,2,0,0,1,3,0,0,0,0,0,2,3,3,2
ID_2502054_55_11__11_1_12,Aronia,3,0,6,5,4,5,4,0,0,0,0,2,2,5,0,0,0,4,0,5,0,0,3,4,0,0,4,2,0,0,0,0,0,0,3,0,0,4,5,5
ID_2530695_21_40__14_1_12,Angelina,5,2,5,5,0,4,6,6,4,5,4,0,5,5,0,1,0,4,0,4,2,0,3,5,1,4,5,0,3,5,4,4,0,4,2,0,5,5,0,0
ID_2530695_21_40__14_1_12,Alexander,6,0,0,0,0,0,6,5,6,6,3,0,5,1,4,4,5,6,3,6,1,0,1,1,0,6,2,0,4,3,5,6,0,2,0,0,6,4,0,0
ID_2530695_21_40__14_1_12,Aronia,0,6,6,6,6,6,6,0,0,0,0,0,0,5,0,0,0,0,0,5,0,1,4,6,0,0,2,6,0,1,0,0,4,4,6,6,1,3,0,6
ID_2530695_21_40__14_1_12,Amarillo,4,2,2,4,1,4,5,5,5,3,4,2,4,5,1,0,0,3,4,3,0,1,4,6,1,0,5,4,0,4,0,2,0,4,2,0,6,3,0,4
ID_2530695_21_40__14_1_12,Wiener Walzer,4,3,2,4,0,5,2,0,0,1,0,5,4,4,0,0,0,3,0,1,0,3,4,4,6,0,4,4,2,2,0,0,0,0,0,0,4,0,0,3
ID_2530695_21_40__14_1_12,Amigo,0,1,3,0,0,1,0,0,0,0,3,6,3,0,0,0,0,0,0,0,0,6,0,0,6,0,2,3,0,0,0,0,3,0,5,0,4,0,0,3
ID_2530695_21_40__14_1_12,Brown Bella,4,4,3,3,5,4,2,0,1,0,4,0,4,4,0,4,0,1,0,2,4,4,2,5,3,2,3,1,0,0,4,0,5,0,1,1,3,4,0,4
ID_2530695_21_40__14_1_12,Sebastian,5,4,6,4,4,6,6,3,1,0,5,0,5,6,0,0,0,0,0,4,0,1,5,4,1,0,6,5,0,2,0,0,4,0,0,2,3,5,0,4
ID_2530695_21_40__14_1_12,Tuborg Nul,0,0,4,0,0,3,0,0,0,0,0,6,0,0,0,0,0,0,0,0,0,6,0,0,3,0,0,0,0,0,0,0,0,0,1,0,2,0,0,0
ID_2530695_21_40__14_1_12,Tuborg Classic,5,0,0,0,2,0,4,3,0,4,3,3,6,3,0,0,0,2,0,4,1,4,0,2,6,0,5,0,0,0,0,0,1,0,1,0,4,0,0,0
ID_2565858_3_20__16_30_11,Wiener Walzer,3,1,0,3,0,1,3,1,0,2,1,0,3,3,0,0,0,1,0,3,0,3,3,3,3,0,3,0,3,3,0,1,0,0,0,0,3,2,0,0
ID_2565858_3_20__16_30_11,Aronia,3,1,4,6,4,5,3,0,0,0,0,1,1,5,0,0,0,1,0,4,0,2,1,3,0,0,0,4,0,0,0,0,0,3,3,2,0,2,0,2
ID_2565858_3_20__16_30_11,Brown Bella,3,0,0,1,0,0,4,1,1,2,2,0,4,3,0,0,0,3,0,3,0,1,2,2,1,0,3,0,2,3,0,2,0,0,0,0,3,4,0,0
ID_2565858_3_20__16_30_11,Angelina,4,0,0,0,0,1,2,1,0,1,1,4,2,1,0,0,0,1,0,3,0,1,1,1,2,0,3,0,2,2,0,1,0,1,0,0,3,2,0,0
ID_2565858_3_20__16_30_11,Tuborg Nul,0,0,3,3,2,2,0,0,0,0,0,6,0,0,0,0,0,0,0,1,0,3,0,0,0,0,1,3,0,0,0,0,0,3,3,3,1,0,0,2
ID_2565858_3_20__16_30_11,Alexander,3,2,0,0,0,0,4,4,1,3,1,0,2,1,3,2,1,2,0,4,0,0,3,3,0,0,2,0,3,3,1,2,1,0,0,0,3,4,0,0
ID_2565858_3_20__16_30_11,Tuborg Classic,4,0,0,1,0,0,1,0,0,2,3,2,4,0,0,0,0,2,0,1,0,2,3,1,3,0,3,0,2,2,0,0,0,0,0,0,3,1,0,0
ID_2565858_3_20__16_30_11,Amarillo,5,0,0,3,0,1,4,0,0,2,0,0,2,4,0,0,0,2,3,4,0,1,2,1,0,0,3,0,3,2,0,0,0,2,1,0,3,2,0,0
ID_2565858_3_20__16_30_11,Sebastian,5,0,2,3,2,2,3,0,0,0,0,1,2,3,0,0,0,0,2,3,0,0,0,0,0,0,2,2,2,2,0,0,0,4,3,0,2,2,0,1
ID_2565858_3_20__16_30_11,Amigo,5,0,2,2,0,1,3,0,0,0,0,1,3,3,0,0,0,3,0,4,0,0,0,0,0,0,2,2,1,3,0,0,0,3,1,0,2,1,0,1
ID_2632473_37_6__4_17_6,Amarillo,5,1,1,2,2,4,4,1,5,6,3,0,2,2,4,1,4,2,1,5,4,1,3,4,3,4,5,2,2,0,4,5,1,2,1,0,2,4,3,4
ID_2632473_37_6__4_17_6,Amigo,1,2,4,3,2,3,2,2,0,2,4,4,1,1,2,0,1,0,1,2,1,5,3,4,4,1,4,4,0,3,0,2,2,0,0,1,4,1,2,4
ID_2632473_37_6__4_17_6,Alexander,5,1,1,2,2,4,5,1,6,6,4,0,4,5,3,3,4,4,2,6,4,2,1,6,1,5,5,3,2,3,6,5,4,4,2,1,5,5,5,3
ID_2632473_37_6__4_17_6,Sebastian,2,3,4,2,4,5,1,0,1,2,4,4,4,0,1,2,1,4,2,2,1,5,4,5,3,2,1,4,2,3,1,2,5,4,2,4,2,2,0,5
ID_2632473_37_6__4_17_6,Angelina,5,4,0,0,4,0,4,1,3,5,3,3,2,4,1,2,4,2,4,5,4,2,3,5,4,1,5,2,2,1,4,2,4,4,4,2,4,5,1,1
ID_2632473_37_6__4_17_6,Tuborg Classic,5,4,4,4,0,1,4,0,2,2,4,2,3,1,0,4,2,2,0,4,4,2,2,4,2,2,4,1,2,2,2,2,4,0,1,1,2,2,5,4
ID_2632473_37_6__4_17_6,Aronia,4,4,0,2,1,4,2,1,3,1,5,4,2,5,0,4,3,1,4,0,3,4,4,4,4,2,4,1,4,2,1,3,4,1,0,3,3,4,4,4
ID_2632473_37_6__4_17_6,Tuborg Nul,2,4,6,6,6,6,1,3,1,2,2,0,4,6,0,2,0,2,2,2,2,1,4,5,3,0,0,6,4,2,0,1,1,4,4,4,0,2,1,4
ID_2632473_37_6__4_17_6,Wiener Walzer,2,4,2,4,6,5,1,1,0,1,4,5,4,5,1,0,0,0,1,1,0,5,5,5,2,1,2,0,2,3,1,1,1,1,4,0,2,1,0,6
ID_2632473_37_6__4_17_6,Brown Bella,4,2,2,1,1,2,4,4,5,2,2,4,2,4,1,2,1,2,1,3,3,4,4,4,3,1,4,2,2,2,4,4,2,1,0,2,4,4,1,1
ID_2634159_50_58__13_4_12,Aronia,0,3,4,4,5,5,2,2,0,0,3,0,2,4,0,0,0,0,0,1,0,2,4,3,3,0,2,5,0,0,0,0,1,2,2,4,0,3,0,4
ID_2634159_50_58__13_4_12,Angelina,2,1,1,0,0,3,3,1,0,1,3,0,1,1,0,0,0,1,0,2,0,3,2,4,3,0,5,0,1,1,0,0,0,0,1,0,3,3,0,2
ID_2634159_50_58__13_4_12,Wiener Walzer,1,2,0,0,1,3,0,0,0,0,2,4,1,1,0,0,0,0,0,1,0,5,2,3,3,0,2,1,1,1,0,0,1,0,0,0,2,0,0,3
ID_2634159_50_58__13_4_12,Alexander,2,0,0,0,0,1,4,2,1,4,1,0,2,2,0,0,0,1,0,4,0,1,3,3,1,1,4,0,4,4,1,0,1,0,1,0,3,4,1,1
ID_2634159_50_58__13_4_12,Brown Bella,2,1,1,1,0,3,3,2,0,2,3,1,2,2,0,0,0,1,1,4,0,3,2,3,3,0,4,0,2,3,0,0,1,0,1,0,4,3,0,2
ID_2634159_50_58__13_4_12,Amarillo,2,2,1,0,2,1,1,0,0,0,0,1,4,1,0,0,0,1,1,3,0,4,3,3,3,0,4,0,1,1,0,0,1,0,1,0,4,2,0,2
ID_2634159_50_58__13_4_12,Tuborg Nul,0,1,1,0,1,4,0,0,0,0,0,6,0,0,0,0,0,0,0,0,0,6,1,2,0,0,1,1,0,0,0,0,0,0,1,0,2,0,0,1
ID_2634159_50_58__13_4_12,Amigo,1,0,1,1,1,3,0,0,0,0,2,1,1,0,0,0,0,1,0,1,0,0,2,2,4,0,3,1,1,1,0,0,0,0,1,0,2,2,0,2
ID_2634159_50_58__13_4_12,Tuborg Classic,0,3,1,0,2,3,0,1,0,1,2,4,1,1,0,0,0,0,0,1,0,5,3,2,5,0,3,1,1,1,0,0,1,0,2,0,3,1,0,2
ID_2634159_50_58__13_4_12,Sebastian,1,1,4,0,4,4,2,0,0,0,3,1,4,5,0,0,0,1,1,2,0,3,2,3,3,0,5,4,3,3,0,0,1,0,2,0,4,3,0,5
ID_2683469_16_57__14_30_11,Alexander,3,3,0,0,0,0,3,2,0,3,3,0,2,1,0,0,1,0,0,2,0,1,2,1,0,2,1,0,0,0,1,1,0,0,0,0,3,1,0,0
ID_2683469_16_57__14_30_11,Amarillo,3,1,2,2,0,3,0,0,0,0,1,1,2,2,0,0,0,0,0,1,0,2,2,1,0,0,3,1,0,1,0,0,0,1,0,0,2,1,0,1
ID_2683469_16_57__14_30_11,Angelina,2,1,0,1,0,1,1,0,0,0,3,0,1,2,0,0,0,0,0,2,0,4,2,1,5,0,2,0,0,0,0,0,0,0,0,0,1,1,0,0
ID_2683469_16_57__14_30_11,Amigo,2,1,1,1,0,2,0,0,0,0,3,0,1,1,0,0,0,0,0,3,0,3,1,2,3,0,2,1,0,0,0,0,0,0,0,0,2,1,0,1
ID_2683469_16_57__14_30_11,Aronia,3,2,3,6,6,4,2,0,0,1,1,0,4,4,0,0,0,3,0,3,0,1,2,2,0,0,0,3,0,1,0,0,0,1,0,1,0,0,0,1
ID_2683469_16_57__14_30_11,Sebastian,1,1,2,1,0,1,0,0,0,0,2,3,1,1,0,0,0,0,0,1,0,4,1,1,5,0,3,1,0,0,0,0,0,0,0,0,4,0,0,1
ID_2683469_16_57__14_30_11,Wiener Walzer,1,1,0,0,0,1,1,0,0,1,4,1,1,1,0,0,0,0,0,1,0,4,1,1,5,0,2,1,0,0,0,0,0,0,0,0,1,1,0,0
ID_2683469_16_57__14_30_11,Tuborg Classic,1,0,0,0,0,0,1,0,0,1,4,0,1,0,0,0,0,0,0,1,0,2,3,0,5,0,1,0,0,0,0,0,0,0,0,0,1,0,0,0
ID_2683469_16_57__14_30_11,Brown Bella,3,1,0,1,0,0,3,3,1,0,2,0,3,0,0,0,0,0,0,3,1,1,3,1,0,1,4,0,0,0,1,1,0,0,0,0,1,2,0,0
ID_2683469_16_57__14_30_11,Tuborg Nul,0,1,1,0,0,0,0,0,0,0,3,4,0,1,0,1,0,0,0,0,0,3,1,1,0,0,1,0,0,0,0,5,0,0,0,1,1,0,0,0
ID_2690349_39_40__14_1_12,Aronia,4,4,5,6,4,5,2,0,0,1,3,2,1,5,0,0,0,5,0,3,0,2,3,2,3,0,0,6,2,1,0,0,0,1,5,3,0,2,0,4
ID_2690349_39_40__14_1_12,Angelina,6,2,6,4,0,2,2,2,0,1,1,4,3,4,0,4,0,4,0,2,0,3,2,3,3,1,5,2,3,2,0,1,0,1,2,1,2,1,4,3
ID_2690349_39_40__14_1_12,Wiener Walzer,4,3,3,3,0,4,4,1,3,1,2,2,1,4,0,6,0,4,1,3,1,2,2,2,3,1,2,3,1,4,6,1,0,3,2,0,4,3,2,2
ID_2690349_39_40__14_1_12,Alexander,6,4,2,2,0,0,6,5,6,6,2,0,5,2,3,4,3,1,3,5,4,1,1,3,0,6,2,0,5,5,5,4,2,5,6,0,6,5,4,1
ID_2690349_39_40__14_1_12,Brown Bella,3,3,3,2,0,0,3,3,3,3,2,1,4,4,1,3,1,2,1,3,2,4,5,3,6,1,3,1,1,1,4,4,0,2,0,0,2,2,4,1
ID_2690349_39_40__14_1_12,Amarillo,2,3,5,5,0,6,2,1,0,0,2,2,1,5,1,2,0,4,0,4,0,5,6,4,3,0,6,2,2,2,0,1,0,0,1,0,2,4,1,2
ID_2690349_39_40__14_1_12,Tuborg Nul,1,6,2,0,0,1,0,0,0,0,0,6,6,0,0,1,0,2,0,4,0,2,0,0,0,0,0,0,0,0,0,1,0,0,5,0,2,0,6,3
ID_2690349_39_40__14_1_12,Amigo,1,2,6,3,1,2,0,1,0,0,2,6,1,4,0,1,0,5,2,1,3,6,4,4,5,1,3,3,0,0,0,1,0,1,2,0,2,2,0,4
ID_2690349_39_40__14_1_12,Tuborg Classic,1,3,1,2,1,3,0,2,0,0,3,6,1,1,0,2,0,5,3,1,1,6,2,0,6,0,1,1,0,0,1,0,0,2,5,0,2,1,2,0
ID_2690349_39_40__14_1_12,Sebastian,0,5,3,2,2,6,1,0,0,0,2,2,0,0,0,0,0,2,0,4,0,6,5,6,4,0,6,0,0,0,0,0,0,0,0,0,2,3,1,4
ID_2792420_31_58__11_1_12,Wiener Walzer,5,1,4,4,0,2,4,2,2,2,1,3,4,6,3,2,0,3,1,4,1,1,1,1,2,2,3,0,3,1,1,4,1,2,4,0,4,2,0,1
ID_2792420_31_58__11_1_12,Aronia,3,1,6,6,5,6,2,0,0,0,1,3,1,6,0,0,0,4,3,5,0,2,3,6,1,0,3,6,3,1,0,0,0,4,4,5,0,3,0,6
ID_2792420_31_58__11_1_12,Brown Bella,4,4,3,3,0,3,4,2,5,6,3,1,4,2,3,2,2,3,3,6,3,0,2,2,1,4,5,1,5,5,4,3,2,2,2,3,4,3,2,0
ID_2792420_31_58__11_1_12,Angelina,5,1,3,5,1,1,4,2,1,3,1,3,2,6,1,1,0,5,3,6,1,2,4,2,2,2,5,2,3,4,3,3,4,1,4,1,3,3,2,1
ID_2792420_31_58__11_1_12,Tuborg Nul,2,0,3,2,4,4,1,1,0,1,2,6,3,5,1,0,0,2,2,2,1,6,4,5,1,0,1,3,0,1,0,0,4,2,5,4,3,2,4,4
ID_2792420_31_58__11_1_12,Alexander,4,4,3,2,1,4,5,5,4,6,3,2,5,5,5,5,2,4,2,5,5,1,2,2,2,3,6,3,4,4,5,4,2,1,2,1,4,4,1,3
ID_2792420_31_58__11_1_12,Tuborg Classic,3,0,4,4,2,2,2,0,1,1,1,4,1,5,0,1,0,3,0,3,0,5,3,2,6,0,4,2,3,1,0,2,1,0,2,1,3,2,0,1
ID_2792420_31_58__11_1_12,Amarillo,4,1,4,4,4,6,5,2,1,2,2,2,6,5,1,0,0,4,4,4,1,2,3,4,1,0,6,2,3,3,1,2,0,0,2,2,4,5,0,3
ID_2792420_31_58__11_1_12,Sebastian,3,2,4,4,3,3,2,0,0,0,3,5,2,4,0,0,0,4,0,4,0,5,2,4,2,0,2,4,2,0,1,0,2,2,2,4,1,2,1,4
ID_2792420_31_58__11_1_12,Amigo,4,0,4,5,1,3,4,0,6,4,3,3,5,5,0,0,0,3,1,5,0,4,2,3,3,0,5,2,3,3,0,3,1,2,4,3,4,4,0,2
ID_2859978_4_38__15_30_11,Sebastian,0,3,4,4,3,3,1,3,0,0,2,3,1,3,0,2,0,0,0,3,0,5,4,3,5,0,3,5,1,1,0,1,0,0,0,3,3,2,0,3
ID_2859978_4_38__15_30_11,Tuborg Classic,1,1,0,3,0,3,3,1,0,1,4,3,2,1,0,0,0,0,0,2,0,2,4,2,4,0,3,2,1,2,0,3,0,0,0,1,2,1,0,0
ID_2859978_4_38__15_30_11,Amigo,1,3,4,4,0,4,2,1,0,2,4,1,0,3,0,3,1,0,0,3,1,4,4,4,2,0,3,2,1,1,0,0,0,0,0,1,3,4,0,3
ID_2859978_4_38__15_30_11,Tuborg Nul,0,0,3,3,0,1,0,2,0,1,2,3,0,3,0,0,0,0,0,1,0,5,2,2,3,0,3,4,0,0,0,1,0,0,0,0,1,3,1,2
ID_2859978_4_38__15_30_11,Amarillo,2,4,1,3,3,4,2,3,0,1,3,0,2,4,0,3,2,1,2,3,0,1,4,4,2,1,3,1,2,1,0,1,0,0,0,0,3,4,0,1
ID_2859978_4_38__15_30_11,Brown Bella,2,1,3,3,1,0,5,4,0,5,2,0,1,2,1,0,3,0,0,4,1,0,4,4,1,3,4,1,1,3,0,1,0,0,0,0,2,4,0,2
ID_2859978_4_38__15_30_11,Alexander,1,2,3,3,2,3,5,4,0,4,2,0,1,4,4,3,4,0,0,5,0,0,4,4,1,2,2,0,4,3,1,1,0,0,0,0,3,3,0,2
ID_2859978_4_38__15_30_11,Wiener Walzer,0,1,2,3,0,3,0,1,0,0,2,5,0,1,0,1,1,0,0,1,0,4,3,3,3,0,2,1,1,0,0,0,0,0,0,0,1,1,0,3
ID_2859978_4_38__15_30_11,Angelina,1,4,0,2,0,0,3,1,1,0,4,2,1,1,1,2,0,0,0,2,1,4,2,3,4,0,2,1,0,0,0,0,0,0,0,0,2,2,0,0
ID_2859978_4_38__15_30_11,Aronia,0,3,6,5,4,3,1,1,0,0,0,2,0,5,0,0,0,0,0,0,0,4,0,0,0,0,0,6,0,1,0,0,0,1,1,4,0,1,0,3
ID_2906916_27_12__0_14_6,Aronia,6,2,2,6,1,0,6,4,4,1,4,0,5,5,0,0,1,1,3,5,1,0,4,3,0,0,0,3,2,4,0,0,1,3,5,0,1,5,0,0
ID_2906916_27_12__0_14_6,Angelina,2,2,2,2,2,5,4,1,1,2,5,0,0,3,2,2,0,1,3,5,1,2,5,5,1,0,2,2,0,0,0,2,0,1,0,0,0,0,1,3
ID_2906916_27_12__0_14_6,Wiener Walzer,2,0,1,2,4,0,3,2,2,3,2,0,1,4,0,0,2,4,4,1,2,0,0,2,2,0,4,1,2,1,2,2,2,2,0,0,4,3,0,1
ID_2906916_27_12__0_14_6,Alexander,6,0,0,0,0,0,6,4,5,4,2,0,4,6,1,1,0,0,3,6,2,0,0,2,0,0,5,0,3,4,6,4,0,2,0,0,4,6,0,0
ID_2906916_27_12__0_14_6,Brown Bella,4,2,3,4,2,3,4,2,3,2,3,0,3,4,2,2,2,1,4,5,2,1,2,2,2,0,4,0,1,0,3,2,0,0,2,0,4,3,1,2
ID_2906916_27_12__0_14_6,Amarillo,1,5,1,3,1,5,0,0,0,2,3,0,0,3,0,0,0,0,1,3,2,2,4,6,3,0,1,1,0,0,0,0,0,2,0,0,2,3,0,4
ID_2906916_27_12__0_14_6,Tuborg Nul,0,2,1,0,0,2,0,1,0,0,0,6,0,0,0,0,1,1,0,0,0,6,2,1,0,0,0,0,0,0,0,0,0,1,1,3,1,0,0,3
ID_2906916_27_12__0_14_6,Amigo,0,3,3,0,0,4,0,0,0,0,3,5,0,0,0,1,0,4,2,4,2,6,2,3,2,0,2,0,0,0,0,1,0,0,0,0,2,0,1,3
ID_2906916_27_12__0_14_6,Tuborg Classic,0,0,2,3,2,3,3,0,0,0,2,3,0,4,0,0,0,4,3,0,0,4,4,4,1,0,3,0,4,3,0,0,2,0,0,0,0,2,0,1
ID_2906916_27_12__0_14_6,Sebastian,2,3,3,3,2,3,2,0,0,0,3,2,0,2,0,2,0,0,1,4,0,2,2,5,3,0,2,2,2,1,0,0,0,1,0,0,2,3,0,2
ID_2990862_3_22__16_30_11,Brown Bella,4,2,2,4,2,2,5,3,2,1,4,0,2,4,1,2,2,3,1,3,2,2,4,2,3,3,2,1,3,2,3,5,1,0,0,1,3,4,1,0
ID_2990862_3_22__16_30_11,Wiener Walzer,2,1,3,2,0,2,1,0,0,0,2,5,1,0,0,0,0,2,1,2,1,5,3,2,2,0,2,3,1,1,1,2,0,0,0,0,2,1,0,1
ID_2990862_3_22__16_30_11,Tuborg Nul,2,2,5,4,4,3,1,1,0,0,4,4,1,2,0,0,0,4,0,1,1,5,4,2,4,0,2,4,1,1,0,3,0,1,2,2,3,1,0,3
ID_2990862_3_22__16_30_11,Aronia,1,4,6,6,6,5,2,0,0,0,4,1,1,3,1,0,0,5,0,3,1,4,4,4,1,0,0,5,1,1,0,0,0,1,1,2,1,3,0,5
ID_2990862_3_22__16_30_11,Tuborg Classic,3,3,2,3,1,1,2,1,1,1,5,0,1,3,0,2,0,2,0,2,1,4,4,2,6,0,3,1,1,0,0,1,1,0,0,0,3,2,0,1
ID_2990862_3_22__16_30_11,Angelina,3,2,2,2,0,1,4,2,3,2,2,1,3,4,0,0,0,1,1,3,1,2,2,2,2,3,3,1,3,3,4,4,2,0,0,0,1,4,0,2
ID_2990862_3_22__16_30_11,Sebastian,2,1,4,4,0,2,2,1,0,0,4,1,2,2,0,0,0,3,0,2,0,4,4,4,2,0,3,4,2,1,0,0,1,0,0,3,3,3,0,2
ID_2990862_3_22__16_30_11,Alexander,4,4,2,2,0,4,4,4,5,4,4,0,3,2,2,5,5,1,0,5,3,3,4,4,1,5,3,1,2,4,4,2,3,0,0,0,4,5,1,0
ID_2990862_3_22__16_30_11,Amigo,3,0,3,3,1,2,1,0,0,1,4,1,3,1,0,1,0,3,0,2,0,4,4,2,5,0,2,2,1,2,0,0,0,0,0,0,2,2,0,0
ID_2990862_3_22__16_30_11,Amarillo,2,4,3,3,3,3,2,1,1,0,4,1,2,2,0,1,0,3,0,2,1,4,3,2,4,0,2,4,1,1,0,0,0,2,0,0,2,2,0,2
ID_2990862_3_22__16_30_11,Brown Bella,4,2,2,4,2,2,5,3,2,1,4,0,2,4,1,2,2,3,1,3,2,2,4,2,3,3,2,1,3,2,3,5,1,0,0,1,3,4,1,0
ID_2990862_3_22__16_30_11,Wiener Walzer,2,1,3,2,0,2,1,0,0,0,2,5,1,0,0,0,0,2,1,2,1,5,3,2,2,0,2,3,1,1,1,2,0,0,0,0,2,1,0,1
ID_2990862_3_22__16_30_11,Tuborg Nul,2,2,5,4,4,3,1,1,0,0,4,4,1,2,0,0,0,4,0,1,1,5,4,2,4,0,2,4,1,1,0,3,0,1,2,2,3,1,0,3
ID_2990862_3_22__16_30_11,Aronia,1,4,6,6,6,5,2,0,0,0,4,1,1,3,1,0,0,5,0,3,1,4,4,4,1,0,0,5,1,1,0,0,0,1,1,2,1,3,0,5
ID_2990862_3_22__16_30_11,Tuborg Classic,3,3,2,3,1,1,2,1,1,1,5,0,1,3,0,2,0,2,0,2,1,4,4,2,6,0,3,1,1,0,0,1,1,0,0,0,3,2,0,1
ID_2990862_3_22__16_30_11,Angelina,3,2,2,2,0,1,4,2,3,2,2,1,3,4,0,0,0,1,1,3,1,2,2,2,2,3,3,1,3,3,4,4,2,0,0,0,1,4,0,2
ID_2990862_3_22__16_30_11,Sebastian,2,1,4,4,0,2,2,1,0,0,4,1,2,2,0,0,0,3,0,2,0,4,4,4,2,0,3,4,2,1,0,0,1,0,0,3,3,3,0,2
ID_2990862_3_22__16_30_11,Alexander,4,4,2,2,0,4,4,4,5,4,4,0,3,2,2,5,5,1,0,5,3,3,4,4,1,5,3,1,2,4,4,2,3,0,0,0,4,5,1,0
ID_2990862_3_22__16_30_11,Amigo,3,0,3,3,1,2,1,0,0,1,4,1,3,1,0,1,0,3,0,2,0,4,4,2,5,0,2,2,1,2,0,0,0,0,0,0,2,2,0,0
ID_2990862_3_22__16_30_11,Amarillo,2,4,3,3,3,3,2,1,1,0,4,1,2,2,0,1,0,3,0,2,1,4,3,2,4,0,2,4,1,1,0,0,0,2,0,0,2,2,0,2
ID_3127402_32_13__12_1_12,Angelina,1,3,0,1,0,1,4,1,2,1,4,1,2,1,0,0,0,1,0,2,0,4,5,4,2,0,2,0,0,1,0,4,0,0,0,0,3,3,0,0
ID_3127402_32_13__12_1_12,Alexander,6,0,2,3,0,0,6,5,4,5,0,0,5,4,0,0,0,0,0,6,0,0,0,4,0,6,0,0,6,6,4,3,0,1,2,0,4,6,0,0
ID_3127402_32_13__12_1_12,Aronia,0,2,5,6,5,6,1,1,0,0,0,1,0,4,0,0,0,0,0,3,0,2,2,2,0,0,0,6,1,0,0,0,0,1,4,3,0,5,0,1
ID_3127402_32_13__12_1_12,Amarillo,5,0,3,5,1,2,4,4,0,1,1,1,4,4,0,0,0,0,0,1,0,2,0,3,1,2,4,4,2,3,0,4,0,1,2,1,0,4,3,1
ID_3127402_32_13__12_1_12,Wiener Walzer,2,2,0,1,0,0,1,3,1,1,3,0,2,1,0,0,0,0,0,3,0,3,2,1,3,1,3,0,1,2,1,2,0,0,0,0,1,0,0,0
ID_3127402_32_13__12_1_12,Amigo,6,2,3,6,0,1,5,4,2,2,0,2,4,6,0,0,0,1,0,2,0,1,1,2,1,1,5,1,4,4,0,1,0,0,2,0,0,4,0,1
ID_3127402_32_13__12_1_12,Brown Bella,6,0,4,4,0,3,6,5,4,5,0,0,5,5,1,2,0,1,0,6,2,0,2,4,0,5,5,0,3,4,4,3,0,0,1,0,5,6,1,2
ID_3127402_32_13__12_1_12,Sebastian,4,3,4,5,4,5,1,2,0,0,1,2,1,4,0,0,0,0,0,2,0,5,3,4,0,0,0,1,1,1,0,0,0,0,1,3,0,2,1,2
ID_3127402_32_13__12_1_12,Tuborg Nul,0,4,0,0,5,4,0,1,2,0,1,2,0,0,0,1,0,0,0,2,4,4,3,3,0,2,0,6,0,1,0,0,0,0,2,6,0,2,0,2
ID_3127402_32_13__12_1_12,Tuborg Classic,4,1,0,1,0,0,3,2,2,1,3,0,4,1,0,0,0,0,0,3,0,2,2,1,5,0,3,0,3,1,1,1,0,0,0,0,1,0,1,0
ID_3152315_38_40__15_30_11,Amigo,2,3,2,0,0,2,3,0,0,0,3,1,1,0,0,0,0,1,0,2,0,2,1,0,3,0,3,0,0,1,0,0,0,0,0,0,3,1,0,0
ID_3152315_38_40__15_30_11,Sebastian,1,3,2,2,0,2,2,0,0,0,0,0,0,3,0,0,0,1,0,1,0,5,3,4,1,0,0,0,1,0,0,0,0,0,1,0,0,1,0,3
ID_3152315_38_40__15_30_11,Amarillo,3,0,0,1,3,0,3,1,0,3,3,0,1,0,0,0,2,2,0,3,0,1,2,1,2,1,3,0,2,0,1,0,0,0,2,0,3,3,0,0
ID_3152315_38_40__15_30_11,Tuborg Classic,1,2,0,0,0,0,2,0,0,0,4,0,1,0,0,0,0,0,0,1,0,3,2,1,6,0,3,0,0,0,0,3,0,0,0,0,3,2,0,0
ID_3152315_38_40__15_30_11,Alexander,3,2,0,2,2,3,4,3,2,3,2,0,1,4,0,1,2,3,0,3,1,0,3,3,1,2,3,1,3,3,3,0,0,0,0,1,3,4,0,0
ID_3152315_38_40__15_30_11,Tuborg Nul,0,4,4,2,0,2,0,0,0,0,1,4,1,0,0,0,0,1,0,1,0,6,1,1,1,0,0,1,0,0,0,0,0,4,6,6,0,0,0,0
ID_3152315_38_40__15_30_11,Angelina,2,1,0,1,2,1,3,1,0,2,2,0,3,2,0,0,1,2,0,3,0,2,3,3,1,0,2,0,3,1,1,1,0,0,0,0,2,3,0,0
ID_3152315_38_40__15_30_11,Brown Bella,2,2,2,3,2,3,3,1,1,2,3,2,1,2,0,1,1,0,0,1,0,2,3,1,2,0,2,0,1,1,1,0,0,0,1,0,3,1,1,0
ID_3152315_38_40__15_30_11,Aronia,1,3,1,0,2,3,1,0,0,0,2,4,1,0,0,0,0,0,0,1,0,4,2,2,2,0,1,1,0,1,0,0,0,0,1,0,2,1,0,3
ID_3152315_38_40__15_30_11,Wiener Walzer,0,3,1,1,0,3,1,0,1,0,2,0,2,1,0,0,0,1,0,0,0,3,1,2,1,0,1,0,0,2,0,0,0,0,3,1,1,1,0,0
ID_3180275_12_55__11_1_12,Tuborg Nul,1,4,5,5,2,4,1,0,0,0,1,5,1,1,0,3,0,5,0,1,1,6,1,1,0,0,0,5,1,3,0,0,5,5,4,3,0,1,0,5
ID_3180275_12_55__11_1_12,Brown Bella,3,3,1,4,1,4,5,5,3,4,4,2,3,1,1,5,1,3,4,4,4,3,4,5,3,3,4,1,1,4,4,2,2,0,1,1,4,4,1,4
ID_3180275_12_55__11_1_12,Tuborg Classic,2,4,2,4,1,2,2,1,1,1,3,4,3,3,0,1,0,3,1,2,1,5,4,3,6,0,2,3,2,3,0,1,2,2,1,2,2,3,1,3
ID_3180275_12_55__11_1_12,Wiener Walzer,3,2,3,2,2,2,4,4,2,2,2,2,3,2,1,4,3,4,4,1,3,2,4,5,4,3,4,1,3,4,3,1,4,2,1,1,4,4,1,2
ID_3180275_12_55__11_1_12,Sebastian,0,6,6,6,1,5,0,0,0,0,0,6,4,6,3,0,0,2,0,1,2,6,0,1,0,0,0,6,6,5,0,0,0,6,6,6,0,0,0,5
ID_3180275_12_55__11_1_12,Aronia,1,5,5,5,6,6,2,0,1,0,2,4,0,1,0,1,1,2,1,1,2,6,1,4,3,0,0,6,2,3,0,0,6,3,4,6,0,1,0,6
ID_3180275_12_55__11_1_12,Amigo,2,4,6,6,2,4,1,1,0,0,1,5,3,4,0,0,0,4,0,1,1,4,2,2,5,0,2,5,5,4,1,0,4,5,5,6,2,1,1,4
ID_3180275_12_55__11_1_12,Angelina,6,1,4,1,1,2,5,5,5,5,2,1,2,5,2,5,3,3,5,6,4,0,1,5,1,4,4,1,4,5,5,0,4,6,2,0,5,5,0,4
ID_3180275_12_55__11_1_12,Amarillo,3,4,2,4,2,3,4,2,4,1,4,3,3,3,2,4,1,2,3,4,4,5,3,4,4,3,5,1,3,3,4,4,3,2,0,2,4,4,0,4
ID_3180275_12_55__11_1_12,Alexander,4,4,1,2,3,4,6,5,5,5,4,1,1,4,5,5,5,1,5,5,5,0,4,5,1,6,5,0,2,2,5,5,4,0,1,0,5,5,1,2
ID_3183548_45_13__14_4_12,Angelina,2,5,0,2,0,2,4,3,0,3,2,1,2,3,0,0,0,1,3,4,2,3,5,3,1,0,4,0,0,1,0,1,0,0,2,0,3,4,0,0
ID_3183548_45_13__14_4_12,Alexander,2,3,0,2,0,1,4,4,5,4,4,0,2,4,2,1,1,1,3,4,4,1,3,5,0,3,1,0,2,1,2,2,0,0,0,0,2,4,0,0
ID_3183548_45_13__14_4_12,Aronia,1,5,4,4,4,4,0,0,0,0,1,3,0,3,0,0,0,3,1,1,0,2,2,0,1,0,0,6,0,1,0,0,0,0,5,4,0,1,0,3
ID_3183548_45_13__14_4_12,Amarillo,3,2,1,2,1,1,4,4,2,4,1,2,2,2,0,1,0,2,3,3,3,1,3,2,1,0,4,1,1,1,1,1,0,0,1,0,2,4,0,1
ID_3183548_45_13__14_4_12,Wiener Walzer,2,1,3,1,0,1,3,1,1,2,1,2,1,2,0,1,0,2,1,2,0,2,2,1,2,0,2,1,1,1,0,0,0,0,1,0,2,1,0,0
ID_3183548_45_13__14_4_12,Amigo,1,1,1,1,0,1,2,2,0,3,1,2,1,2,0,0,0,2,3,3,2,2,2,2,2,0,4,1,1,1,0,0,0,0,2,0,2,1,0,1
ID_3183548_45_13__14_4_12,Brown Bella,3,3,1,2,1,1,4,4,1,4,2,1,2,4,0,2,1,2,3,4,3,2,2,4,0,1,4,0,1,1,0,1,1,0,0,0,2,3,1,1
ID_3183548_45_13__14_4_12,Sebastian,1,4,2,1,3,4,3,2,1,2,2,3,1,1,0,0,0,1,1,2,1,4,2,1,2,0,3,1,1,1,0,0,0,0,1,0,2,1,0,2
ID_3183548_45_13__14_4_12,Tuborg Nul,1,4,0,2,3,5,1,0,0,1,2,4,0,1,0,0,0,1,1,1,1,4,1,1,2,0,2,4,1,0,0,0,0,1,3,3,1,1,0,3
ID_3183548_45_13__14_4_12,Tuborg Classic,1,3,2,1,1,2,2,2,1,2,3,2,1,2,0,1,0,1,2,2,2,2,3,2,3,0,2,2,1,1,0,1,1,0,1,0,2,2,0,2
ID_3197832_57_57__13_1_12,Sebastian,2,4,4,4,4,4,1,3,1,1,4,3,2,2,1,3,1,3,1,2,2,5,4,4,5,2,2,3,2,3,0,2,2,2,2,1,2,4,1,4
ID_3197832_57_57__13_1_12,Tuborg Classic,1,2,1,1,2,1,2,3,3,3,2,1,3,3,1,3,2,2,2,3,1,2,3,3,2,2,2,1,2,2,2,2,1,1,2,1,2,2,2,2
ID_3197832_57_57__13_1_12,Amigo,3,3,1,1,1,1,3,4,3,3,2,2,3,4,2,2,2,2,2,3,3,2,2,3,2,3,4,1,2,3,2,3,2,2,4,1,3,3,3,1
ID_3197832_57_57__13_1_12,Tuborg Nul,3,2,3,3,1,2,4,4,2,3,1,3,3,4,1,1,1,3,3,4,1,2,2,2,2,1,2,3,4,4,2,1,2,2,4,1,2,3,2,2
ID_3197832_57_57__13_1_12,Amarillo,1,4,3,4,3,2,1,2,1,1,4,4,2,3,1,1,1,2,2,2,1,5,4,2,4,1,2,3,2,1,1,1,1,1,1,2,2,4,2,5
ID_3197832_57_57__13_1_12,Brown Bella,3,1,2,1,0,1,5,3,3,5,2,2,3,2,1,3,4,4,3,4,4,1,2,4,2,3,4,1,3,2,3,3,3,3,2,1,3,3,4,1
ID_3197832_57_57__13_1_12,Alexander,6,1,0,0,0,0,6,4,5,5,1,1,4,5,5,5,4,4,4,5,4,0,1,1,2,5,4,0,4,1,5,5,5,1,4,1,4,1,5,0
ID_3197832_57_57__13_1_12,Wiener Walzer,2,1,1,3,1,3,1,4,3,3,2,4,3,2,2,3,3,0,1,1,3,1,4,2,5,4,2,1,3,1,2,2,1,2,3,0,3,1,3,1
ID_3197832_57_57__13_1_12,Angelina,5,0,0,0,0,0,5,5,5,4,0,1,4,3,4,3,4,4,5,6,3,0,1,5,1,5,4,1,4,4,3,4,4,4,4,0,3,1,4,1
ID_3197832_57_57__13_1_12,Aronia,3,4,5,5,5,6,4,0,1,1,1,3,3,6,0,0,0,5,1,4,1,2,1,5,1,1,2,3,1,3,0,0,0,3,5,2,1,5,1,4
ID_3304885_20_5__12_1_12,Brown Bella,2,3,1,0,2,3,1,3,3,1,4,3,3,2,1,3,1,2,1,3,2,4,3,4,3,1,2,2,1,1,2,2,2,1,0,1,1,1,2,3
ID_3304885_20_5__12_1_12,Wiener Walzer,3,1,2,4,1,2,2,1,1,1,1,4,3,2,2,3,0,2,1,1,1,4,2,3,3,1,2,4,1,1,0,1,3,1,2,1,3,1,0,1
ID_3304885_20_5__12_1_12,Tuborg Nul,3,2,5,5,3,5,0,1,1,0,1,4,0,1,0,1,0,2,0,1,0,4,3,1,1,0,2,5,1,1,0,1,3,0,4,3,3,1,0,5
ID_3304885_20_5__12_1_12,Aronia,3,4,5,6,5,6,4,1,0,1,1,5,1,2,0,0,0,1,0,4,0,5,2,3,0,0,1,6,1,1,0,0,3,1,5,5,1,2,1,6
ID_3304885_20_5__12_1_12,Tuborg Classic,2,1,4,4,1,0,1,1,1,0,1,4,3,4,0,1,1,3,3,3,0,4,2,3,3,2,4,4,2,2,1,1,4,0,1,1,2,0,0,4
ID_3304885_20_5__12_1_12,Angelina,4,2,4,4,1,2,4,4,2,3,3,3,4,4,1,3,1,2,2,5,2,1,3,3,3,0,5,4,2,0,3,1,2,0,2,1,2,4,0,1
ID_3304885_20_5__12_1_12,Sebastian,4,0,6,6,2,3,5,5,2,2,2,4,3,2,0,0,0,3,3,5,1,4,3,4,1,0,2,5,4,5,1,0,0,5,5,0,3,5,0,6
ID_3304885_20_5__12_1_12,Alexander,2,1,1,2,2,0,5,6,6,5,3,0,6,2,4,5,5,4,5,5,5,0,2,5,1,6,5,1,3,4,5,5,3,2,2,0,5,5,1,1
ID_3304885_20_5__12_1_12,Amigo,5,1,4,3,1,3,3,2,1,1,1,2,5,4,0,1,0,4,3,3,1,4,1,1,3,1,2,3,2,0,0,1,1,1,2,1,4,3,0,3
ID_3304885_20_5__12_1_12,Amarillo,4,3,4,5,1,2,4,3,5,4,3,1,4,1,3,3,3,5,6,4,4,1,4,5,3,2,5,3,4,4,3,3,1,0,1,0,4,4,0,4
ID_3346679_13_40__13_4_12,Wiener Walzer,2,3,3,2,0,0,3,1,0,3,2,2,2,1,5,0,0,1,0,2,0,3,2,1,1,0,1,0,0,2,1,2,0,0,1,0,0,2,0,0
ID_3346679_13_40__13_4_12,Aronia,1,0,4,5,6,6,1,0,0,0,1,3,3,1,0,0,0,3,0,2,0,4,3,3,2,0,0,5,4,1,0,0,0,0,4,4,0,1,0,2
ID_3346679_13_40__13_4_12,Brown Bella,4,2,0,3,0,0,5,1,0,5,3,0,3,4,0,0,0,3,3,5,0,2,2,2,1,0,4,0,4,4,5,4,0,0,0,0,2,2,0,0
ID_3346679_13_40__13_4_12,Angelina,4,0,2,4,2,3,3,0,0,4,1,0,2,4,0,0,0,2,0,4,2,1,2,2,2,0,1,0,4,4,2,3,0,0,2,0,1,3,0,0
ID_3346679_13_40__13_4_12,Tuborg Nul,1,3,5,3,2,5,0,0,0,0,3,4,2,2,0,1,0,2,0,2,0,4,4,3,0,0,0,4,1,1,0,0,0,1,2,4,1,2,0,5
ID_3346679_13_40__13_4_12,Alexander,4,2,0,3,2,2,5,2,1,4,1,0,2,3,4,0,1,2,0,4,2,1,1,1,1,0,3,0,2,3,3,2,1,1,3,0,1,2,0,0
ID_3346679_13_40__13_4_12,Tuborg Classic,4,3,1,2,0,1,3,1,0,3,1,1,3,3,0,0,0,3,0,3,1,2,1,0,1,0,2,0,2,3,3,2,0,0,2,1,2,0,0,1
ID_3346679_13_40__13_4_12,Amarillo,4,2,2,4,0,5,4,0,0,2,2,0,4,2,1,0,0,3,0,4,0,0,0,0,1,0,2,2,3,3,0,2,0,0,2,0,2,2,0,4
ID_3346679_13_40__13_4_12,Sebastian,3,2,4,5,1,1,3,0,0,1,1,1,4,4,0,0,0,3,0,2,0,3,1,0,1,0,2,3,2,3,0,2,0,1,2,2,2,3,0,3
ID_3346679_13_40__13_4_12,Amigo,3,1,3,3,0,4,2,0,0,2,2,2,3,3,0,0,0,2,0,2,0,3,2,1,1,0,2,1,3,4,1,2,0,0,1,0,1,1,0,2
ID_3383475_48_47__16_4_12,Brown Bella,2,0,1,0,0,0,0,0,0,0,2,0,0,0,0,1,0,0,0,1,2,4,2,0,3,0,1,0,0,0,1,1,0,0,0,0,3,0,0,0
ID_3383475_48_47__16_4_12,Wiener Walzer,1,0,0,0,0,0,2,0,2,0,0,2,0,1,0,3,0,0,0,0,0,1,1,0,0,0,1,0,1,2,1,0,0,1,1,0,1,1,0,0
ID_3383475_48_47__16_4_12,Tuborg Nul,0,0,0,0,3,2,0,1,0,0,0,3,1,0,0,0,0,0,0,0,0,6,0,0,0,0,0,4,0,2,0,3,0,0,1,0,1,0,0,0
ID_3383475_48_47__16_4_12,Aronia,0,3,0,0,6,6,1,1,0,0,0,1,2,0,0,0,0,0,0,0,0,0,0,3,0,0,1,4,0,1,0,0,0,0,3,0,2,2,0,2
ID_3383475_48_47__16_4_12,Tuborg Classic,2,0,0,0,0,0,0,0,0,0,1,0,0,2,0,0,0,0,0,1,0,2,2,0,5,0,4,0,0,0,2,0,0,1,0,0,4,0,0,0
ID_3383475_48_47__16_4_12,Angelina,3,0,3,3,0,0,3,2,2,3,0,0,0,4,1,1,2,0,0,4,2,0,0,0,0,0,1,0,0,0,4,0,0,3,3,0,2,3,0,0
ID_3383475_48_47__16_4_12,Sebastian,2,0,0,0,0,0,1,2,1,1,0,0,0,3,0,3,0,0,2,3,0,0,0,1,0,2,1,0,3,4,1,1,0,4,3,0,1,1,0,0
ID_3383475_48_47__16_4_12,Alexander,4,0,0,2,0,0,5,3,3,4,0,0,1,5,4,0,0,0,0,4,1,0,0,0,0,6,1,0,0,2,4,0,0,3,2,0,1,3,0,0
ID_3383475_48_47__16_4_12,Amigo,0,0,0,2,0,1,0,0,0,0,0,3,2,0,0,0,0,0,0,0,0,0,0,1,2,0,1,0,1,2,0,0,1,3,0,0,1,1,0,3
ID_3383475_48_47__16_4_12,Amarillo,1,1,1,0,0,0,0,1,0,1,3,0,3,0,0,3,0,0,0,1,0,0,0,0,1,0,1,2,0,0,2,0,0,0,0,0,1,2,0,0
ID_3402979_6_14__15_4_12,Tuborg Nul,1,3,4,2,1,2,0,1,0,3,2,6,2,0,1,2,0,3,1,2,4,6,3,3,5,3,3,4,1,0,0,4,2,3,4,2,3,1,2,2
ID_3402979_6_14__15_4_12,Brown Bella,4,4,2,3,4,4,3,5,6,4,4,1,3,2,1,6,5,4,2,5,3,2,4,4,2,5,3,1,3,4,5,4,2,2,2,1,4,5,5,4
ID_3402979_6_14__15_4_12,Tuborg Classic,3,3,2,4,1,3,1,1,1,4,2,4,4,2,1,1,2,3,2,4,3,4,3,2,6,2,2,4,2,3,1,2,1,2,4,1,2,1,3,0
ID_3402979_6_14__15_4_12,Wiener Walzer,2,3,4,5,3,5,1,4,2,4,4,2,5,5,3,2,0,1,2,1,4,2,2,4,3,2,4,5,4,4,2,2,0,2,3,0,4,3,5,0
ID_3402979_6_14__15_4_12,Sebastian,2,4,5,4,4,6,2,4,3,4,4,1,5,3,2,2,2,2,4,2,4,4,5,5,3,3,5,5,2,2,2,2,2,3,4,2,3,3,4,4
ID_3402979_6_14__15_4_12,Aronia,1,4,6,6,5,6,4,3,0,1,3,3,5,5,2,1,1,4,4,5,1,2,3,4,1,0,1,6,2,5,0,2,1,5,4,4,1,6,4,5
ID_3402979_6_14__15_4_12,Amigo,5,4,4,4,3,3,4,4,1,2,5,2,4,4,1,3,1,3,1,5,2,4,3,3,4,1,6,2,2,2,1,2,2,3,3,1,3,5,4,4
ID_3402979_6_14__15_4_12,Angelina,6,1,3,2,2,1,5,4,5,6,4,1,5,4,3,4,4,4,4,5,4,0,2,3,2,4,1,1,2,2,4,5,4,3,1,1,5,3,4,2
ID_3402979_6_14__15_4_12,Amarillo,5,3,4,4,0,4,5,5,4,2,5,1,4,6,1,4,3,4,2,4,5,2,3,4,3,2,5,5,4,5,4,4,1,1,3,2,2,5,3,2
ID_3402979_6_14__15_4_12,Alexander,4,4,1,2,1,3,5,4,5,5,5,0,1,5,3,6,5,0,4,4,4,0,4,3,1,5,1,4,6,2,6,3,4,3,2,0,2,6,1,1
ID_3454898_32_6__5_17_6,Wiener Walzer,3,2,0,3,2,0,3,3,0,3,2,1,5,3,0,0,0,2,0,1,0,2,2,3,4,0,4,0,2,2,2,3,1,0,0,2,4,1,1,0
ID_3454898_32_6__5_17_6,Aronia,4,0,5,4,2,2,3,1,0,0,0,0,1,3,0,0,0,5,0,3,0,2,4,4,0,0,0,6,1,1,0,0,0,0,2,4,0,4,0,4
ID_3454898_32_6__5_17_6,Brown Bella,4,0,0,2,0,0,6,3,1,6,0,0,0,6,4,0,0,3,0,0,0,0,0,4,0,0,0,0,6,6,1,0,3,6,4,0,3,1,0,0
ID_3454898_32_6__5_17_6,Angelina,1,0,0,2,4,2,4,4,3,3,0,0,3,4,0,1,0,1,6,4,3,2,4,6,2,0,3,0,1,2,0,0,2,0,0,0,4,5,0,4
ID_3454898_32_6__5_17_6,Tuborg Nul,4,4,0,3,4,3,6,4,2,2,0,3,1,5,0,2,0,4,0,4,2,0,1,4,0,0,2,0,1,4,0,0,2,2,4,0,0,5,2,5
ID_3454898_32_6__5_17_6,Alexander,2,0,0,1,0,0,1,0,0,0,4,4,2,0,0,0,0,0,0,1,0,4,0,1,0,1,0,0,0,0,0,6,0,0,0,0,1,0,0,0
ID_3454898_32_6__5_17_6,Tuborg Classic,4,0,0,3,0,0,6,3,4,4,1,0,0,6,4,3,1,2,0,4,3,0,0,4,0,0,0,0,5,4,0,0,4,6,5,0,0,4,3,0
ID_3454898_32_6__5_17_6,Amarillo,3,1,0,2,0,4,5,1,0,1,0,0,2,2,0,0,0,2,0,4,0,2,3,4,2,0,0,0,0,0,0,0,1,1,4,4,0,2,0,1
ID_3454898_32_6__5_17_6,Sebastian,3,2,0,3,4,6,5,2,0,2,0,0,2,5,0,0,0,0,2,5,0,1,2,6,2,0,0,0,0,2,0,0,0,2,1,0,0,5,0,6
ID_3454898_32_6__5_17_6,Amigo,5,0,0,1,0,2,2,0,0,0,0,2,2,3,0,0,0,1,0,3,0,0,1,3,0,0,0,0,0,1,0,0,0,4,4,0,3,2,0,0
ID_3543089_20_40__14_4_12,Amigo,4,3,4,4,4,5,5,4,4,3,3,2,3,4,2,0,2,2,0,3,2,2,4,5,3,1,3,1,3,3,3,4,1,1,0,0,5,4,1,0
ID_3543089_20_40__14_4_12,Sebastian,3,2,3,5,5,5,1,1,0,1,3,4,1,2,1,0,0,1,0,2,0,4,1,2,3,0,2,2,1,1,0,0,1,0,3,2,1,4,0,5
ID_3543089_20_40__14_4_12,Amarillo,5,1,0,0,1,0,5,1,5,5,2,2,4,4,5,3,4,5,2,6,4,1,1,2,1,5,4,0,5,4,6,6,5,0,0,0,5,4,0,0
ID_3543089_20_40__14_4_12,Tuborg Classic,2,1,0,0,0,0,4,3,2,2,2,3,2,0,0,1,1,1,0,2,2,3,2,2,3,0,4,0,3,3,1,4,0,0,1,0,4,2,0,0
ID_3543089_20_40__14_4_12,Alexander,6,0,0,0,0,0,6,0,6,5,0,1,5,6,6,2,5,2,1,4,2,0,0,3,1,6,5,0,3,5,6,4,3,2,0,0,6,0,0,0
ID_3543089_20_40__14_4_12,Tuborg Nul,2,3,1,3,4,0,2,0,1,0,2,5,0,1,0,1,0,3,0,2,3,5,1,0,2,0,3,3,0,0,0,0,1,2,0,3,2,1,0,4
ID_3543089_20_40__14_4_12,Angelina,5,1,1,1,0,2,4,1,5,4,1,4,2,1,3,3,2,2,0,4,3,1,0,0,1,4,3,0,4,4,4,2,3,1,1,0,4,3,0,0
ID_3543089_20_40__14_4_12,Brown Bella,5,0,0,0,0,0,5,0,6,5,0,0,0,0,2,2,2,3,0,4,1,0,0,1,0,5,1,0,5,5,6,2,4,1,1,0,5,2,0,0
ID_3543089_20_40__14_4_12,Aronia,0,5,5,5,5,5,3,0,0,0,3,1,1,1,0,0,0,3,0,3,0,3,3,4,2,0,1,3,0,0,0,0,0,1,3,4,0,3,0,5
ID_3543089_20_40__14_4_12,Wiener Walzer,4,1,0,1,0,0,3,2,3,4,1,2,2,4,0,4,1,1,3,3,5,0,2,3,1,1,1,0,4,3,4,4,1,0,1,0,5,3,0,0
ID_3551237_29_46__16_4_12,Aronia,1,5,3,4,5,6,1,2,0,1,0,4,0,1,1,0,1,2,0,1,0,5,3,4,0,0,2,4,0,1,0,0,0,1,4,5,2,2,1,4
ID_3551237_29_46__16_4_12,Angelina,4,1,2,1,0,1,5,3,3,3,4,1,2,3,1,2,1,3,2,4,2,0,3,4,1,0,3,1,2,3,3,4,1,0,0,0,4,3,2,0
ID_3551237_29_46__16_4_12,Wiener Walzer,3,1,0,1,1,2,2,2,1,2,3,1,2,3,1,0,0,1,1,3,2,1,4,2,2,0,4,1,1,3,1,3,0,1,0,0,3,2,3,2
ID_3551237_29_46__16_4_12,Alexander,4,5,4,4,2,5,3,0,2,2,0,2,2,4,0,5,3,1,4,4,2,2,0,3,0,1,2,2,2,2,2,5,0,4,4,4,4,3,3,2
ID_3551237_29_46__16_4_12,Brown Bella,4,4,4,4,1,4,3,3,4,1,4,0,3,3,1,3,1,2,1,4,2,2,2,3,2,0,4,1,1,1,2,2,0,0,0,0,3,3,3,5
ID_3551237_29_46__16_4_12,Amarillo,0,4,4,2,1,4,0,1,1,0,1,4,1,1,0,4,0,0,1,1,3,6,4,1,4,0,1,4,0,0,0,0,0,0,2,4,1,1,2,2
ID_3551237_29_46__16_4_12,Tuborg Nul,2,2,3,4,3,4,2,2,1,0,2,2,2,4,0,2,0,0,2,2,3,4,4,3,2,0,4,1,1,1,0,1,0,0,0,2,3,3,3,1
ID_3551237_29_46__16_4_12,Amigo,4,1,3,2,0,1,2,2,0,2,2,5,2,3,0,2,0,1,2,4,1,3,0,3,5,0,1,3,2,3,2,2,0,2,3,2,1,0,2,1
ID_3551237_29_46__16_4_12,Tuborg Classic,2,2,2,2,1,1,3,0,1,3,1,3,3,2,1,3,0,2,2,2,2,2,1,1,5,0,1,1,1,3,3,3,0,2,4,2,3,1,1,1
ID_3551237_29_46__16_4_12,Sebastian,4,3,5,4,3,5,2,2,0,0,1,0,1,4,0,2,0,2,2,3,2,2,3,4,2,0,4,2,1,1,0,1,0,0,1,0,2,3,4,5
ID_3613251_28_40__14_4_12,Alexander,2,1,0,2,1,1,2,3,3,2,2,2,2,3,0,0,0,3,3,3,1,1,2,0,2,0,2,0,3,3,4,2,1,1,2,0,2,3,0,2
ID_3613251_28_40__14_4_12,Amarillo,2,1,0,3,0,2,0,0,0,0,1,1,3,3,0,0,0,0,2,0,1,4,3,0,3,0,0,0,1,3,1,1,1,1,2,0,0,1,0,1
ID_3613251_28_40__14_4_12,Angelina,2,0,1,1,0,1,0,3,0,0,3,2,2,2,0,0,0,2,1,3,1,3,3,2,3,0,0,0,1,1,2,0,0,1,2,0,0,2,0,0
ID_3613251_28_40__14_4_12,Amigo,0,1,0,1,0,1,0,0,0,0,2,4,1,0,0,0,0,0,0,1,0,5,3,1,1,0,0,0,1,1,0,0,0,0,2,1,0,0,0,0
ID_3613251_28_40__14_4_12,Aronia,0,2,6,6,6,4,4,4,1,3,1,0,2,3,0,0,0,1,3,0,0,0,3,4,2,0,2,2,1,1,0,0,0,1,4,0,3,4,0,4
ID_3613251_28_40__14_4_12,Sebastian,1,1,0,0,0,0,0,0,0,0,4,4,2,0,0,0,0,0,1,0,0,5,2,0,1,0,0,0,0,0,0,0,2,1,4,0,0,0,0,2
ID_3613251_28_40__14_4_12,Wiener Walzer,0,2,0,2,1,0,0,1,1,0,4,4,1,0,0,0,0,1,0,1,0,4,3,1,4,0,0,0,1,1,0,0,0,0,2,0,0,2,0,2
ID_3613251_28_40__14_4_12,Tuborg Classic,1,0,0,0,0,0,3,1,1,3,3,0,1,0,0,0,0,3,1,1,1,3,3,0,6,0,1,0,0,0,0,1,0,0,3,0,3,0,0,0
ID_3613251_28_40__14_4_12,Brown Bella,4,0,1,1,0,0,5,2,2,3,2,0,3,4,0,0,0,4,4,2,0,0,3,1,2,0,1,0,1,0,4,3,0,2,3,0,3,3,0,0
ID_3613251_28_40__14_4_12,Tuborg Nul,0,0,0,0,0,0,0,0,0,0,1,6,1,0,0,0,0,0,1,0,0,6,2,2,3,0,2,0,0,0,2,0,0,0,3,0,1,0,0,1
ID_3700575_52_58__1_17_6,Brown Bella,5,0,0,1,0,0,4,2,0,5,1,0,4,2,0,0,0,2,0,4,1,0,2,4,3,1,5,0,2,2,0,3,0,0,0,0,5,4,0,0
ID_3700575_52_58__1_17_6,Wiener Walzer,4,0,0,1,0,0,4,1,0,2,2,1,3,4,1,0,0,4,0,4,0,0,0,2,2,0,4,0,2,2,1,2,0,0,0,0,2,4,0,0
ID_3700575_52_58__1_17_6,Tuborg Nul,3,2,0,1,0,0,2,1,0,1,2,2,2,2,0,0,0,2,0,2,0,3,2,1,4,0,2,1,3,2,0,0,0,0,0,0,1,1,0,0
ID_3700575_52_58__1_17_6,Aronia,1,4,1,4,5,6,0,1,0,0,1,2,1,2,0,0,0,0,0,1,1,2,2,4,1,0,1,5,2,1,0,0,0,0,1,1,1,4,0,4
ID_3700575_52_58__1_17_6,Tuborg Classic,5,0,0,1,0,0,4,0,0,3,1,1,3,2,0,0,0,2,0,4,0,0,1,0,2,0,4,0,1,0,0,0,0,0,0,0,3,2,0,0
ID_3700575_52_58__1_17_6,Angelina,5,0,0,0,0,0,6,1,0,2,0,1,3,6,0,0,0,2,0,5,1,0,1,0,2,0,6,0,0,4,0,0,0,0,0,0,2,4,0,0
ID_3700575_52_58__1_17_6,Sebastian,3,2,1,2,2,2,1,0,0,1,3,0,3,2,0,0,0,2,0,3,0,2,2,2,3,0,5,0,1,2,0,0,0,0,0,0,2,2,0,0
ID_3700575_52_58__1_17_6,Alexander,4,0,0,0,0,0,6,4,2,5,1,0,1,4,1,0,0,0,0,6,2,0,2,4,1,1,2,0,4,2,5,2,1,0,0,0,5,4,0,0
ID_3700575_52_58__1_17_6,Amigo,4,1,0,0,0,0,1,1,0,0,2,2,4,2,0,0,0,2,0,3,0,4,1,0,5,0,4,0,0,2,0,0,0,0,0,0,1,2,0,0
ID_3700575_52_58__1_17_6,Amarillo,4,0,0,0,0,1,3,2,1,2,1,0,4,4,1,2,0,2,0,4,2,1,1,2,3,0,4,0,2,2,3,0,0,0,0,0,3,3,0,0
ID_3841014_51_46__15_4_12,Alexander,2,3,1,3,1,2,4,3,2,2,1,0,2,4,4,4,1,2,1,4,2,0,2,4,1,1,2,3,4,3,1,3,1,1,0,4,3,4,2,1
ID_3841014_51_46__15_4_12,Amarillo,1,3,3,4,1,1,3,2,1,1,2,2,1,4,0,0,0,4,1,2,0,2,2,2,3,0,2,2,3,2,0,1,0,2,0,2,3,2,2,2
ID_3841014_51_46__15_4_12,Angelina,4,3,2,3,1,1,3,2,3,0,2,2,4,3,0,3,1,4,2,1,3,3,2,3,2,0,4,2,2,4,2,1,1,0,2,0,4,2,1,1
ID_3841014_51_46__15_4_12,Amigo,1,3,3,4,2,4,3,1,0,1,4,4,2,2,0,2,0,4,4,2,2,3,3,3,4,0,3,2,2,2,0,1,0,0,3,3,3,2,0,4
ID_3841014_51_46__15_4_12,Aronia,0,4,5,5,4,3,5,2,0,0,0,0,4,4,0,2,0,5,2,1,0,1,4,4,0,0,0,5,4,0,0,0,0,3,4,5,0,1,0,4
ID_3841014_51_46__15_4_12,Sebastian,1,4,4,4,3,4,3,4,2,2,3,0,2,3,0,2,1,4,4,2,1,2,3,4,2,0,2,2,3,3,0,0,0,2,2,2,3,3,0,4
ID_3841014_51_46__15_4_12,Wiener Walzer,2,4,3,2,2,1,2,2,2,2,4,4,3,1,3,3,3,3,4,3,3,4,3,2,4,0,3,2,2,2,2,3,0,2,2,2,3,2,3,2
ID_3841014_51_46__15_4_12,Tuborg Classic,3,3,3,2,0,3,3,2,0,1,3,2,4,2,3,3,0,0,0,2,2,4,2,2,4,0,4,3,2,3,0,0,0,2,1,3,4,1,2,0
ID_3841014_51_46__15_4_12,Brown Bella,4,4,3,4,0,2,5,4,4,2,1,0,2,4,5,3,4,4,4,5,4,0,1,5,0,4,2,3,3,3,4,3,2,3,2,0,3,5,3,4
ID_3841014_51_46__15_4_12,Tuborg Nul,0,5,4,4,3,4,0,3,0,0,5,5,4,1,0,4,0,3,0,1,3,5,1,2,4,0,2,4,0,0,0,2,4,3,3,4,2,0,2,0
ID_3880019_2_38__13_4_12,Tuborg Nul,5,0,6,6,5,4,3,5,0,1,1,5,4,6,0,0,0,0,4,3,2,4,1,5,3,0,3,4,1,5,0,1,0,4,2,1,4,2,0,2
ID_3880019_2_38__13_4_12,Brown Bella,3,2,1,2,0,0,4,3,0,3,3,1,3,0,1,1,0,0,0,4,1,3,5,4,2,0,5,1,1,1,0,3,0,0,1,0,3,3,0,1
ID_3880019_2_38__13_4_12,Tuborg Classic,3,3,0,2,0,1,1,1,0,2,1,5,2,3,0,1,0,0,0,0,0,5,3,0,5,0,3,0,2,1,1,2,0,0,2,2,2,1,0,3
ID_3880019_2_38__13_4_12,Wiener Walzer,3,1,4,2,2,5,1,2,0,0,1,2,2,4,0,0,0,1,0,3,1,4,2,3,3,0,4,3,2,2,2,1,0,2,0,0,3,1,0,4
ID_3880019_2_38__13_4_12,Sebastian,0,4,4,1,3,3,0,2,0,0,1,1,0,0,0,0,0,0,0,1,0,6,4,5,2,0,4,4,0,0,0,0,0,0,1,2,1,1,0,4
ID_3880019_2_38__13_4_12,Aronia,6,0,6,6,6,3,1,5,0,0,1,4,3,6,0,0,0,1,0,2,0,0,0,5,0,0,0,6,4,4,0,0,0,5,5,2,1,0,0,4
ID_3880019_2_38__13_4_12,Amigo,4,2,4,4,1,1,1,2,0,1,0,5,2,3,0,0,0,2,0,1,0,3,1,4,2,0,3,4,3,3,0,1,0,2,3,3,3,1,0,2
ID_3880019_2_38__13_4_12,Angelina,2,2,4,2,2,1,0,1,0,0,2,3,2,1,0,1,0,1,1,3,0,4,3,2,5,0,3,4,3,1,0,1,0,0,2,2,3,1,0,1
ID_3880019_2_38__13_4_12,Amarillo,2,4,2,1,3,3,3,4,0,0,2,2,1,3,0,1,0,1,2,3,0,3,3,4,2,0,3,2,2,0,0,0,0,0,2,2,3,4,0,1
ID_3880019_2_38__13_4_12,Alexander,1,1,0,0,0,0,6,2,0,6,1,0,4,2,3,1,0,0,0,4,0,0,1,3,0,0,3,0,0,0,2,5,5,1,0,0,2,4,0,0
ID_3966873_10_21__2_14_6,Amarillo,4,2,2,4,2,1,3,2,1,4,1,2,3,5,1,2,1,4,4,3,2,2,4,3,3,2,1,3,3,4,3,2,2,3,1,1,1,2,2,3
ID_3966873_10_21__2_14_6,Amigo,1,1,4,3,1,0,4,3,2,4,3,2,4,5,2,1,1,3,2,2,1,2,3,2,1,0,1,4,3,3,1,4,1,1,2,1,2,1,3,2
ID_3966873_10_21__2_14_6,Alexander,3,1,2,4,1,2,6,4,3,4,3,3,3,4,4,2,2,4,2,3,5,1,1,2,1,3,3,2,5,3,5,4,1,1,3,0,4,2,1,1
ID_3966873_10_21__2_14_6,Sebastian,2,5,2,3,1,4,0,3,0,0,3,5,2,5,0,3,2,1,4,2,1,5,4,2,2,0,3,3,2,2,2,0,1,1,0,4,3,1,1,4
ID_3966873_10_21__2_14_6,Angelina,4,0,4,4,1,1,5,4,4,0,2,2,4,5,4,1,1,2,4,4,3,1,2,3,2,1,3,1,4,5,2,2,3,3,4,0,3,4,1,3
ID_3966873_10_21__2_14_6,Tuborg Classic,2,5,2,1,5,4,2,2,0,0,3,5,0,4,0,0,0,1,3,2,1,2,3,2,4,0,3,2,3,1,0,0,1,2,1,0,5,0,1,2
ID_3966873_10_21__2_14_6,Aronia,6,6,4,5,5,4,4,4,0,0,2,5,0,5,0,0,0,1,0,2,0,1,4,4,1,0,2,5,4,1,0,0,0,5,5,4,3,3,1,4
ID_3966873_10_21__2_14_6,Tuborg Nul,3,4,0,0,1,5,1,4,0,0,2,5,1,1,1,3,1,1,2,3,0,6,4,3,1,0,2,1,1,1,0,4,0,0,2,0,3,3,2,4
ID_3966873_10_21__2_14_6,Wiener Walzer,3,3,4,3,3,3,4,3,2,3,2,3,4,4,1,2,2,2,4,4,2,4,4,3,5,1,3,2,3,4,1,4,1,3,3,1,2,1,4,2
ID_3966873_10_21__2_14_6,Brown Bella,4,1,1,3,2,3,4,2,4,2,2,2,5,4,4,1,1,4,3,4,1,1,3,3,5,5,4,1,4,4,4,5,2,5,3,0,5,3,2,4
ID_4011534_50_6__14_1_12,Alexander,4,0,0,1,1,0,5,2,3,5,2,0,3,3,0,0,0,4,0,2,1,3,2,3,0,4,4,0,0,1,2,3,0,0,0,0,5,2,0,0
ID_4011534_50_6__14_1_12,Amarillo,2,4,4,3,1,3,1,0,0,0,4,1,2,3,0,0,0,0,0,1,0,3,4,1,2,0,1,4,0,1,0,0,0,0,1,0,2,3,3,2
ID_4011534_50_6__14_1_12,Angelina,3,1,1,3,0,0,2,0,0,0,4,0,2,1,0,0,0,0,0,0,0,2,2,1,3,0,2,2,0,0,0,1,0,0,0,0,1,1,1,1
ID_4011534_50_6__14_1_12,Amigo,2,1,4,4,1,4,0,0,0,0,3,1,0,4,0,0,0,0,0,0,0,4,2,2,2,0,1,3,0,0,0,0,0,0,1,0,0,1,4,2
ID_4011534_50_6__14_1_12,Aronia,4,5,2,6,6,6,4,0,0,2,4,1,0,5,0,0,0,0,0,4,0,1,2,0,0,0,0,5,2,2,0,0,0,1,2,0,0,4,6,4
ID_4011534_50_6__14_1_12,Sebastian,0,2,2,4,0,4,0,0,0,0,1,0,0,1,0,0,0,1,0,1,0,5,3,1,2,0,2,2,0,1,0,0,0,2,4,0,1,1,1,2
ID_4011534_50_6__14_1_12,Wiener Walzer,4,1,1,1,0,0,3,1,1,3,3,0,3,1,0,0,0,1,0,1,2,2,3,1,2,0,3,0,0,0,0,3,1,0,2,0,3,1,0,0
ID_4011534_50_6__14_1_12,Tuborg Classic,1,0,0,1,0,0,0,0,0,0,4,0,1,1,0,0,0,1,0,0,0,2,5,1,6,0,2,0,0,0,0,0,0,0,0,0,2,1,0,0
ID_4011534_50_6__14_1_12,Brown Bella,1,2,0,0,0,0,5,4,0,4,2,0,2,4,0,1,0,1,0,2,4,0,3,4,1,1,2,0,1,2,1,1,0,0,0,0,5,6,0,0
ID_4011534_50_6__14_1_12,Tuborg Nul,0,2,1,1,1,2,0,0,0,0,4,2,0,1,0,0,0,0,0,1,1,6,3,1,1,0,0,1,0,0,0,0,0,0,1,1,1,0,0,1
ID_4091870_35_48__15_4_12,Angelina,4,0,1,5,0,3,4,3,0,0,2,2,1,0,0,0,0,1,0,5,0,1,1,2,3,0,4,2,0,0,0,0,0,2,3,0,1,2,0,0
ID_4091870_35_48__15_4_12,Alexander,2,2,2,2,0,3,3,3,0,0,2,1,0,0,0,0,0,0,0,2,0,2,3,2,3,1,3,0,0,1,0,0,0,0,2,2,1,1,0,0
ID_4091870_35_48__15_4_12,Aronia,0,5,4,1,3,2,1,0,0,0,5,1,0,0,0,0,0,4,0,3,0,6,3,3,1,0,0,5,2,1,0,0,0,0,3,4,0,2,0,3
ID_4091870_35_48__15_4_12,Amarillo,5,0,3,3,0,3,5,3,1,2,1,0,2,2,0,0,1,2,0,2,0,0,0,2,1,0,5,0,1,1,0,2,0,4,3,0,3,1,1,0
ID_4091870_35_48__15_4_12,Wiener Walzer,3,1,3,3,1,3,3,2,1,1,2,4,2,3,0,0,0,3,0,2,2,2,3,3,6,0,2,1,1,0,0,1,0,0,1,1,1,1,0,0
ID_4091870_35_48__15_4_12,Amigo,4,0,2,2,0,3,2,2,0,0,1,3,0,0,0,0,0,0,0,3,0,4,2,1,2,0,4,2,0,0,1,0,0,1,2,0,4,1,0,1
ID_4091870_35_48__15_4_12,Brown Bella,2,5,1,0,3,4,1,2,0,0,3,3,0,0,0,2,0,1,0,2,1,4,3,2,2,0,2,5,0,0,0,0,0,2,2,2,0,3,0,2
ID_4091870_35_48__15_4_12,Sebastian,1,5,3,3,2,3,2,1,0,0,4,4,2,2,0,0,0,3,0,3,0,1,4,2,2,0,2,3,0,0,0,0,0,0,2,1,2,2,0,3
ID_4091870_35_48__15_4_12,Tuborg Nul,0,5,4,2,5,4,1,1,0,0,4,6,0,0,0,0,0,1,0,1,0,6,4,5,0,0,0,5,0,0,0,3,0,0,1,1,0,1,0,5
ID_4091870_35_48__15_4_12,Tuborg Classic,4,0,2,2,4,3,1,2,0,0,2,3,0,1,0,0,0,0,0,3,0,1,2,3,6,0,4,3,0,0,0,0,0,0,2,0,3,2,0,1
ID_4132886_54_48__15_4_12,Aronia,2,4,4,4,4,5,4,3,0,2,3,1,3,3,0,0,0,1,0,5,3,1,3,5,2,0,1,4,1,1,1,1,1,0,3,4,3,4,3,4
ID_4132886_54_48__15_4_12,Angelina,3,2,3,3,1,2,4,3,1,4,4,1,3,2,1,0,0,1,1,3,3,1,4,4,2,1,4,1,2,1,0,3,1,2,1,1,3,4,1,1
ID_4132886_54_48__15_4_12,Wiener Walzer,3,1,2,2,1,3,4,3,1,3,2,2,2,3,0,0,0,1,4,3,2,3,3,3,3,0,3,2,2,1,1,2,0,1,1,2,2,2,0,0
ID_4132886_54_48__15_4_12,Alexander,2,2,1,1,1,2,3,2,1,2,2,2,2,1,0,0,0,1,2,2,2,2,3,3,3,0,3,2,1,1,0,3,2,0,2,1,3,2,0,1
ID_4132886_54_48__15_4_12,Brown Bella,4,0,1,3,1,1,6,3,2,4,1,0,3,5,2,2,0,4,0,4,2,0,2,4,0,3,3,0,4,4,2,4,0,2,4,0,3,4,0,0
ID_4132886_54_48__15_4_12,Amarillo,3,4,2,4,4,4,3,3,2,4,2,1,3,5,1,1,0,1,3,4,1,1,2,4,2,0,3,1,1,2,2,2,1,0,2,1,3,4,0,2
ID_4132886_54_48__15_4_12,Tuborg Nul,3,4,5,5,3,5,4,2,2,3,3,2,3,3,0,0,0,1,2,4,3,1,4,4,2,0,3,3,1,1,1,2,1,1,2,2,3,4,0,4
ID_4132886_54_48__15_4_12,Amigo,1,5,5,5,5,5,4,1,1,1,5,2,2,4,0,1,0,0,1,3,3,4,4,4,2,0,2,4,2,1,1,1,1,0,3,3,2,4,0,4
ID_4132886_54_48__15_4_12,Tuborg Classic,2,4,4,4,4,4,2,2,1,2,3,5,3,2,0,0,0,1,1,4,3,4,4,4,2,0,3,2,1,1,2,2,1,0,2,2,3,4,0,4
ID_4132886_54_48__15_4_12,Sebastian,3,2,3,3,4,4,3,3,1,3,3,2,2,1,1,0,0,1,1,4,2,2,4,4,5,0,3,3,1,0,0,3,1,0,2,1,2,3,0,2
ID_4206372_45_9__11_1_12,Amigo,3,1,2,2,1,2,1,0,0,0,2,3,1,3,0,0,0,1,0,3,0,4,5,1,4,0,5,2,0,0,0,2,0,0,0,0,0,2,0,3
ID_4206372_45_9__11_1_12,Sebastian,1,2,5,4,0,4,1,0,0,0,1,5,1,2,0,0,0,4,0,1,0,6,3,5,2,0,2,5,0,0,0,0,0,0,0,2,0,1,0,3
ID_4206372_45_9__11_1_12,Amarillo,2,1,1,2,0,0,4,2,4,3,3,1,1,2,0,2,0,1,0,4,0,1,4,4,1,2,3,0,0,0,4,2,0,0,0,0,2,5,0,1
ID_4206372_45_9__11_1_12,Tuborg Classic,2,1,0,0,0,0,3,0,0,2,2,2,1,2,0,0,0,2,0,3,0,3,4,3,5,0,5,0,0,0,0,0,0,0,0,0,1,1,0,0
ID_4206372_45_9__11_1_12,Alexander,4,2,0,0,0,0,6,0,5,6,1,0,0,6,1,4,2,4,0,6,0,0,0,6,0,4,3,0,6,6,5,0,5,1,0,0,4,5,3,0
ID_4206372_45_9__11_1_12,Tuborg Nul,2,3,2,0,0,0,1,0,0,1,1,6,0,1,0,0,0,0,0,3,0,4,0,3,3,0,4,4,0,0,0,0,0,0,2,3,2,3,0,4
ID_4206372_45_9__11_1_12,Angelina,3,3,1,1,0,1,5,5,1,4,5,0,0,4,2,3,2,0,0,6,0,0,4,6,0,0,2,2,1,0,2,2,1,0,0,3,4,6,0,0
ID_4206372_45_9__11_1_12,Brown Bella,6,0,0,1,0,0,5,4,6,4,0,1,0,5,1,0,0,4,0,6,0,0,0,2,0,2,0,0,0,2,4,3,0,0,0,0,4,1,0,0
ID_4206372_45_9__11_1_12,Aronia,3,2,5,5,5,6,3,0,0,0,0,0,0,5,0,0,0,6,0,3,0,4,3,4,0,0,0,6,0,0,0,0,0,3,4,5,0,2,0,5
ID_4206372_45_9__11_1_12,Wiener Walzer,2,0,0,0,0,0,4,3,4,0,1,3,0,4,0,0,1,0,0,4,0,0,0,3,3,0,4,0,1,0,4,0,0,0,0,0,4,3,0,0
ID_4600746_56_45__15_4_12,Wiener Walzer,5,0,0,1,0,0,3,2,1,3,3,2,2,2,0,0,0,0,2,3,2,2,2,3,2,0,0,0,3,2,3,2,0,0,0,0,3,2,0,0
ID_4600746_56_45__15_4_12,Aronia,4,1,5,4,2,3,5,0,0,0,0,2,0,5,0,0,0,2,0,1,0,0,1,1,0,0,1,6,4,4,0,0,0,1,5,4,0,2,0,2
ID_4600746_56_45__15_4_12,Brown Bella,0,1,0,0,0,0,1,2,2,1,4,0,0,1,0,1,0,0,1,2,2,2,5,4,2,0,1,0,1,0,2,4,0,0,0,0,2,1,0,0
ID_4600746_56_45__15_4_12,Angelina,4,2,0,3,0,1,2,1,1,0,0,0,0,4,0,0,0,1,1,0,0,0,0,1,1,0,1,3,2,4,0,0,0,4,3,0,0,2,0,2
ID_4600746_56_45__15_4_12,Tuborg Nul,1,3,2,1,5,2,0,0,0,0,1,6,0,0,0,0,0,3,0,1,0,4,0,1,0,0,2,3,0,0,0,0,0,0,1,1,0,0,0,5
ID_4600746_56_45__15_4_12,Alexander,1,1,0,0,0,2,4,4,4,3,4,0,1,4,3,1,2,0,2,4,3,1,2,3,1,1,0,0,1,1,3,3,1,0,0,0,4,2,0,0
ID_4600746_56_45__15_4_12,Tuborg Classic,0,4,4,2,3,4,0,0,0,0,0,2,0,0,0,0,0,2,0,1,0,4,2,2,0,0,2,4,2,1,0,0,0,1,2,4,0,2,0,2
ID_4600746_56_45__15_4_12,Amarillo,2,4,2,3,2,4,0,2,0,0,3,1,1,3,0,0,0,1,1,2,0,4,3,2,2,0,4,1,1,0,0,0,0,0,2,1,0,2,0,4
ID_4600746_56_45__15_4_12,Sebastian,3,2,3,3,2,3,0,0,0,0,1,1,1,3,0,0,0,3,2,3,0,0,1,2,2,0,2,2,3,2,0,0,0,3,3,3,0,2,0,2
ID_4600746_56_45__15_4_12,Amigo,0,1,1,1,1,1,0,0,0,0,1,2,0,0,0,0,0,1,1,1,1,3,1,2,3,0,2,1,1,1,0,0,0,0,0,1,0,0,0,1
ID_4661456_51_46__11_1_12,Angelina,1,3,4,2,0,1,1,1,1,2,4,1,1,0,0,2,0,0,0,0,1,3,4,3,3,0,0,2,1,1,1,1,0,1,0,2,1,1,2,2
ID_4661456_51_46__11_1_12,Alexander,2,0,3,2,0,2,6,2,6,5,4,0,1,3,0,0,0,0,0,5,1,0,1,3,1,4,0,0,1,1,6,1,2,0,0,0,1,4,2,0
ID_4661456_51_46__11_1_12,Aronia,1,5,4,5,5,5,3,0,0,0,0,2,1,3,0,0,0,2,0,1,0,3,2,3,1,0,0,4,1,1,0,0,0,1,1,4,0,1,0,4
ID_4661456_51_46__11_1_12,Amarillo,2,1,2,3,1,0,4,0,4,4,2,0,1,2,0,1,0,1,0,3,2,0,3,2,1,2,4,1,2,2,5,0,1,0,0,0,1,4,3,0
ID_4661456_51_46__11_1_12,Wiener Walzer,1,2,3,2,0,0,1,0,0,1,1,2,1,1,0,0,0,2,0,1,0,4,2,2,3,0,1,2,1,1,0,0,0,0,0,2,2,1,1,0
ID_4661456_51_46__11_1_12,Amigo,0,3,3,2,0,2,1,0,0,0,1,3,2,2,0,0,0,2,0,1,0,4,2,0,4,0,1,4,0,0,0,0,0,1,0,1,1,2,1,0
ID_4661456_51_46__11_1_12,Brown Bella,2,0,1,2,0,0,6,2,6,4,1,0,3,0,0,0,2,0,0,3,1,0,1,2,0,2,1,0,0,0,6,1,2,0,0,0,1,3,0,0
ID_4661456_51_46__11_1_12,Sebastian,1,5,4,4,1,3,0,0,0,0,2,3,1,4,0,0,0,1,1,1,0,4,4,4,3,0,1,4,1,1,0,0,0,1,0,2,1,0,0,4
ID_4661456_51_46__11_1_12,Tuborg Nul,1,1,1,1,0,1,0,0,0,0,1,5,0,0,0,0,0,0,0,0,0,5,1,0,2,0,0,1,0,0,0,0,0,0,1,1,0,0,0,1
ID_4661456_51_46__11_1_12,Tuborg Classic,1,1,2,3,1,1,0,0,0,0,0,2,1,0,0,1,0,2,0,1,0,4,3,0,3,0,1,2,1,0,0,0,0,0,0,0,2,0,1,1
ID_6491084_36_39__13_4_12,Tuborg Classic,3,3,2,2,0,2,2,0,0,0,1,1,1,2,0,3,0,3,0,4,0,3,3,2,4,3,2,1,2,3,2,0,0,1,0,1,2,2,0,3
ID_6491084_36_39__13_4_12,Tuborg Nul,2,4,1,3,3,6,0,0,0,1,2,5,0,1,0,0,0,2,1,3,0,6,4,1,2,0,0,5,0,0,0,0,0,0,4,4,0,2,0,6
ID_6491084_36_39__13_4_12,Sebastian,5,3,5,4,0,6,5,0,1,0,2,1,4,5,0,0,0,3,2,5,0,1,4,3,3,0,5,3,1,0,0,0,0,2,1,2,0,4,0,5
ID_6491084_36_39__13_4_12,Brown Bella,0,5,1,0,2,3,4,5,0,3,2,4,4,4,0,4,2,0,0,3,4,2,2,5,3,2,1,0,1,1,2,3,0,0,3,2,5,2,0,3
ID_6491084_36_39__13_4_12,Amigo,4,4,5,4,1,6,2,2,0,0,2,1,1,3,0,1,0,4,0,3,0,2,4,2,3,0,4,3,1,1,0,0,0,2,1,0,1,4,0,4
ID_6491084_36_39__13_4_12,Wiener Walzer,1,4,3,0,0,3,1,3,3,1,1,1,0,4,0,0,0,0,0,4,0,2,1,1,4,0,2,0,2,2,2,0,0,1,3,0,4,2,0,0
ID_6491084_36_39__13_4_12,Amarillo,2,3,0,2,0,4,5,5,4,0,2,2,4,3,0,4,0,2,1,6,2,1,5,5,3,1,3,0,1,2,2,0,0,1,1,0,0,4,0,4
ID_6491084_36_39__13_4_12,Aronia,0,4,4,6,5,5,6,0,0,0,0,0,0,3,0,0,0,4,0,6,0,1,4,5,1,0,2,4,0,0,0,0,0,0,2,4,0,5,0,5
ID_6491084_36_39__13_4_12,Alexander,0,5,0,0,4,0,5,4,2,4,2,0,0,4,5,4,6,2,0,4,5,1,3,4,2,3,1,0,2,2,4,3,1,0,2,0,4,4,0,0
ID_6491084_36_39__13_4_12,Angelina,3,3,1,0,0,2,2,4,1,1,2,1,1,3,0,2,1,1,0,4,2,3,2,2,3,0,3,0,0,0,2,1,0,0,2,0,3,3,0,4
ID_6491451_5_21__11_1_12,Amarillo,4,3,3,1,0,2,1,3,0,1,0,2,2,2,0,0,0,1,0,5,0,1,1,1,4,0,3,1,2,3,0,1,0,0,2,0,2,1,0,0
ID_6491451_5_21__11_1_12,Amigo,1,3,2,1,0,1,2,0,0,0,1,2,0,0,0,0,0,1,0,1,0,5,3,2,3,0,3,4,0,0,0,0,0,0,1,1,3,0,0,0
ID_6491451_5_21__11_1_12,Alexander,0,3,0,1,0,1,5,2,0,4,4,0,1,2,5,1,1,1,0,3,0,0,3,5,3,1,3,0,2,1,0,3,0,0,3,0,3,4,0,0
ID_6491451_5_21__11_1_12,Sebastian,1,2,4,4,0,3,2,0,0,0,0,2,1,2,0,0,0,1,0,2,0,4,1,2,2,0,3,3,1,1,0,0,0,0,2,0,3,0,0,0
ID_6491451_5_21__11_1_12,Angelina,3,1,2,1,0,1,2,1,0,1,0,3,0,1,0,0,0,3,0,1,0,3,0,1,1,0,3,2,2,0,0,1,0,0,2,0,3,0,0,0
ID_6491451_5_21__11_1_12,Tuborg Classic,1,0,2,1,0,1,0,0,0,0,0,5,0,1,0,0,0,1,0,1,1,4,1,1,1,0,3,2,1,0,0,0,0,0,2,0,3,0,0,0
ID_6491451_5_21__11_1_12,Aronia,5,3,1,5,4,3,2,0,0,0,0,1,0,1,0,0,0,3,0,2,0,3,0,3,0,0,3,4,0,1,0,0,0,0,4,1,0,3,0,1
ID_6491451_5_21__11_1_12,Tuborg Nul,1,2,1,1,1,1,0,0,0,0,1,5,1,1,0,0,0,0,0,1,1,3,0,1,1,0,3,0,1,0,0,0,0,0,1,0,3,0,0,1
ID_6491451_5_21__11_1_12,Wiener Walzer,0,1,1,0,0,3,3,2,0,3,3,1,2,1,1,0,0,0,0,3,0,2,1,3,2,0,3,0,2,1,0,1,1,0,1,0,3,1,0,0
ID_6491451_5_21__11_1_12,Brown Bella,1,0,1,1,0,0,3,0,0,3,1,1,2,1,2,1,1,1,0,1,0,0,1,3,1,0,3,0,2,1,0,1,1,0,2,0,3,2,0,0
ID_172877169_46_8__14_3_12,Alexander,4,3,0,1,0,0,6,3,4,5,5,0,4,4,3,6,0,2,2,6,3,0,1,2,0,3,0,0,5,5,5,5,1,0,4,0,3,5,0,0
ID_172877169_46_8__14_3_12,Amarillo,2,3,4,5,1,3,2,1,0,2,2,2,1,3,0,1,0,1,0,1,0,3,2,3,3,0,0,5,3,2,0,2,1,0,0,3,2,1,0,0
ID_172877169_46_8__14_3_12,Angelina,1,3,3,3,3,4,2,2,0,1,3,3,4,2,0,1,0,1,0,4,2,3,2,3,2,1,0,3,2,2,0,1,0,0,1,2,2,1,0,4
ID_172877169_46_8__14_3_12,Amigo,2,2,5,3,2,3,0,1,1,0,1,5,3,0,0,0,0,0,0,5,0,4,3,1,2,0,0,2,2,0,0,1,1,1,0,2,3,0,0,1
ID_172877169_46_8__14_3_12,Aronia,0,2,4,6,6,6,4,0,0,0,2,5,0,4,0,0,0,0,0,1,0,0,2,1,0,0,0,6,0,0,0,0,0,0,2,5,0,4,0,1
ID_172877169_46_8__14_3_12,Sebastian,0,3,2,3,2,3,1,0,0,3,3,1,4,1,0,0,0,1,0,2,1,3,3,1,2,0,0,4,1,0,0,2,0,0,1,3,4,2,0,0
ID_172877169_46_8__14_3_12,Wiener Walzer,4,2,1,1,2,2,3,4,3,5,2,2,3,4,0,2,0,1,2,5,3,1,0,3,1,2,0,2,2,0,1,2,3,1,4,0,4,4,0,0
ID_172877169_46_8__14_3_12,Tuborg Classic,1,2,2,2,0,0,2,1,0,1,3,2,3,1,0,0,0,1,1,3,2,4,5,2,6,0,0,1,2,0,0,1,0,0,0,1,5,0,0,0
ID_172877169_46_8__14_3_12,Brown Bella,4,2,0,1,0,1,5,4,4,5,5,1,4,5,2,5,4,3,4,6,4,1,1,2,0,4,0,2,3,4,4,6,2,0,4,0,5,5,0,0
ID_172877169_46_8__14_3_12,Tuborg Nul,4,2,0,0,2,0,5,4,3,2,2,2,0,4,2,6,3,1,4,5,5,0,0,1,0,3,0,1,1,1,2,2,2,0,5,1,1,4,1,3
ID_255350478_52_13__13_4_12,Amigo,1,2,2,1,0,0,2,0,1,0,2,2,2,0,0,0,0,2,0,3,0,1,0,2,3,0,4,0,1,1,0,3,0,0,0,0,4,0,0,0
ID_255350478_52_13__13_4_12,Sebastian,0,1,3,0,0,0,1,1,0,0,2,3,1,1,0,0,0,1,0,0,0,4,0,0,3,0,3,0,1,1,0,1,0,0,0,0,1,0,0,2
ID_255350478_52_13__13_4_12,Amarillo,0,0,0,3,0,0,3,0,0,0,1,0,2,3,0,0,0,3,0,3,0,0,0,0,3,0,4,0,0,3,0,4,0,0,0,0,3,0,0,0
ID_255350478_52_13__13_4_12,Tuborg Classic,0,0,0,0,0,0,0,0,0,0,0,4,1,1,0,0,0,2,0,0,2,6,0,0,0,0,0,0,0,0,0,1,0,0,0,0,0,0,0,0
ID_255350478_52_13__13_4_12,Alexander,2,0,0,0,0,0,3,4,6,4,1,1,1,4,0,0,1,3,1,3,2,0,1,2,1,1,0,0,3,3,0,3,0,0,1,1,0,1,0,0
ID_255350478_52_13__13_4_12,Tuborg Nul,0,2,1,0,0,1,0,1,0,0,1,3,1,0,0,0,0,1,0,1,0,4,0,0,1,0,1,0,1,1,0,1,1,0,2,0,1,0,0,1
ID_255350478_52_13__13_4_12,Angelina,2,0,0,1,0,1,2,0,0,1,1,3,2,0,0,0,0,0,0,1,0,1,0,0,1,0,1,0,1,1,1,2,1,0,0,0,1,0,0,0
ID_255350478_52_13__13_4_12,Brown Bella,2,0,0,2,0,0,3,0,3,0,1,1,0,4,0,0,0,3,0,2,1,0,0,1,1,0,1,0,2,2,2,4,0,0,0,0,2,1,0,0
ID_255350478_52_13__13_4_12,Aronia,1,2,0,3,2,3,2,2,0,0,2,1,1,0,0,0,0,0,2,2,0,2,0,1,2,0,1,3,1,2,0,1,0,0,4,3,2,0,0,3
ID_255350478_52_13__13_4_12,Wiener Walzer,1,0,0,0,0,0,2,0,0,3,2,3,2,3,0,0,0,1,0,0,0,0,0,0,2,0,3,0,0,0,0,3,0,0,1,0,3,0,0,0
ID_255550852_41_18__13_4_12,Sebastian,1,4,4,2,2,5,2,2,0,0,4,3,2,2,1,0,0,0,2,3,2,3,4,1,2,0,3,2,0,2,0,1,0,0,1,0,3,2,0,2
ID_255550852_41_18__13_4_12,Tuborg Classic,2,2,1,2,1,1,4,4,2,3,3,2,1,2,0,0,0,1,1,4,0,1,2,3,3,0,3,1,4,3,1,3,1,0,2,1,3,2,0,1
ID_255550852_41_18__13_4_12,Amigo,2,4,2,2,2,4,3,2,0,2,2,2,2,1,0,0,0,0,0,2,3,2,2,3,3,0,3,2,1,1,1,4,0,0,1,2,3,2,2,2
ID_255550852_41_18__13_4_12,Tuborg Nul,2,4,2,1,1,2,2,3,2,2,2,0,3,2,0,2,2,1,0,2,3,3,3,0,3,2,3,1,0,1,1,3,2,0,1,1,3,4,1,2
ID_255550852_41_18__13_4_12,Amarillo,3,1,2,2,2,3,3,4,2,4,3,3,4,2,0,2,0,3,2,5,3,1,2,4,3,2,4,0,4,2,3,3,0,0,1,0,4,4,0,1
ID_255550852_41_18__13_4_12,Brown Bella,5,1,0,2,0,3,4,4,2,4,2,3,2,5,0,2,0,2,1,5,3,1,2,0,3,2,3,0,2,4,2,4,1,0,1,0,5,4,0,0
ID_255550852_41_18__13_4_12,Alexander,4,1,0,1,0,1,5,4,4,5,3,1,4,4,2,3,4,2,1,5,3,2,3,4,3,4,3,0,5,4,4,5,2,0,1,0,4,4,0,0
ID_255550852_41_18__13_4_12,Wiener Walzer,2,3,3,2,0,4,2,2,1,1,3,2,2,0,0,0,0,1,1,2,3,2,2,3,2,2,2,2,1,2,1,2,0,0,2,0,4,2,0,2
ID_255550852_41_18__13_4_12,Angelina,2,2,2,2,1,2,2,2,2,4,3,2,3,2,0,0,1,1,1,5,3,2,2,3,3,0,4,0,2,1,1,3,1,0,4,0,4,2,0,2
ID_255550852_41_18__13_4_12,Aronia,1,5,2,2,5,4,2,0,0,1,3,1,2,2,0,0,0,1,0,2,0,2,5,1,3,0,0,5,1,0,0,0,0,0,1,4,1,2,0,4
ID_2683469_16_57__14_30_11,Alexander,3,3,0,0,0,0,3,2,0,3,3,0,2,1,0,0,1,0,0,2,0,1,2,1,0,2,1,0,0,0,1,1,0,0,0,0,3,1,0,0
ID_2683469_16_57__14_30_11,Amarillo,3,1,2,2,0,3,0,0,0,0,1,1,2,2,0,0,0,0,0,1,0,2,2,1,0,0,3,1,0,1,0,0,0,1,0,0,2,1,0,1
ID_2683469_16_57__14_30_11,Angelina,2,1,0,1,0,1,1,0,0,0,3,0,1,2,0,0,0,0,0,2,0,4,2,1,5,0,2,0,0,0,0,0,0,0,0,0,1,1,0,0
ID_2683469_16_57__14_30_11,Amigo,2,1,1,1,0,2,0,0,0,0,3,0,1,1,0,0,0,0,0,3,0,3,1,2,3,0,2,1,0,0,0,0,0,0,0,0,2,1,0,1
ID_2683469_16_57__14_30_11,Aronia,3,2,3,6,6,4,2,0,0,1,1,0,4,4,0,0,0,3,0,3,0,1,2,2,0,0,0,3,0,1,0,0,0,1,0,1,0,0,0,1
ID_2683469_16_57__14_30_11,Sebastian,1,1,2,1,0,1,0,0,0,0,2,3,1,1,0,0,0,0,0,1,0,4,1,1,5,0,3,1,0,0,0,0,0,0,0,0,4,0,0,1
ID_2683469_16_57__14_30_11,Wiener Walzer,1,1,0,0,0,1,1,0,0,1,4,1,1,1,0,0,0,0,0,1,0,4,1,1,5,0,2,1,0,0,0,0,0,0,0,0,1,1,0,0
ID_2683469_16_57__14_30_11,Tuborg Classic,1,0,0,0,0,0,1,0,0,1,4,0,1,0,0,0,0,0,0,1,0,2,3,0,5,0,1,0,0,0,0,0,0,0,0,0,1,0,0,0
ID_2683469_16_57__14_30_11,Brown Bella,3,1,0,1,0,0,3,3,1,0,2,0,3,0,0,0,0,0,0,3,1,1,3,1,0,1,4,0,0,0,1,1,0,0,0,0,1,2,0,0
ID_2683469_16_57__14_30_11,Tuborg Nul,0,1,1,0,0,0,0,0,0,0,3,4,0,1,0,1,0,0,0,0,0,3,1,1,0,0,1,0,0,0,0,5,0,0,0,1,1,0,0,0
ID_2345547_36_36__15_30_11,Tuborg Nul,1,4,4,1,0,3,1,0,0,0,4,3,0,1,0,0,0,0,0,2,0,3,3,1,2,0,1,3,2,0,1,0,1,0,2,2,2,1,0,0
ID_2345547_36_36__15_30_11,Brown Bella,2,1,1,4,1,1,5,5,3,4,4,1,2,5,4,1,0,2,0,3,0,1,2,3,1,1,3,1,1,0,1,2,0,0,1,0,2,3,0,0
ID_2345547_36_36__15_30_11,Tuborg Classic,4,0,1,6,0,1,3,3,1,2,2,0,4,5,0,0,1,3,0,2,0,0,2,0,1,0,2,1,3,4,0,0,1,0,2,0,2,2,0,0
ID_2345547_36_36__15_30_11,Wiener Walzer,1,3,5,5,4,4,5,3,0,1,2,2,1,5,0,0,0,1,1,2,0,3,2,1,2,0,2,5,0,1,0,0,1,0,2,0,2,2,0,0
ID_2345547_36_36__15_30_11,Sebastian,2,4,5,6,1,4,5,3,0,1,4,0,1,5,0,0,0,1,0,4,0,1,4,2,2,0,4,6,1,0,0,0,1,0,1,0,2,2,0,0
ID_2345547_36_36__15_30_11,Aronia,2,4,2,6,4,5,5,3,1,3,1,0,0,6,0,0,0,2,0,6,1,1,2,3,0,0,0,6,1,0,0,0,0,0,4,4,1,2,0,2
ID_2345547_36_36__15_30_11,Amigo,5,0,4,1,1,2,3,1,1,1,2,3,1,4,0,0,0,3,4,4,0,1,1,3,1,0,1,4,4,4,4,2,1,4,4,0,2,3,0,0
ID_2345547_36_36__15_30_11,Angelina,6,0,0,3,0,1,5,5,6,5,2,1,4,1,0,0,1,5,0,4,4,0,4,1,1,0,5,0,4,4,5,4,2,2,1,0,4,4,0,0
ID_2345547_36_36__15_30_11,Amarillo,2,2,5,4,1,2,4,4,1,2,2,3,4,3,1,0,0,3,1,5,0,1,3,2,3,0,4,5,1,2,1,0,3,0,2,0,3,3,0,1
ID_2345547_36_36__15_30_11,Alexander,6,0,2,2,1,1,6,6,5,6,2,1,2,5,2,1,4,1,0,5,5,1,2,3,1,3,4,1,5,5,5,6,3,1,3,0,4,4,0,0
ID_2565858_3_20__16_30_11,Wiener Walzer,3,1,0,3,0,1,3,1,0,2,1,0,3,3,0,0,0,1,0,3,0,3,3,3,3,0,3,0,3,3,0,1,0,0,0,0,3,2,0,0
ID_2565858_3_20__16_30_11,Aronia,3,1,4,6,4,5,3,0,0,0,0,1,1,5,0,0,0,1,0,4,0,2,1,3,0,0,0,4,0,0,0,0,0,3,3,2,0,2,0,2
ID_2565858_3_20__16_30_11,Brown Bella,3,0,0,1,0,0,4,1,1,2,2,0,4,3,0,0,0,3,0,3,0,1,2,2,1,0,3,0,2,3,0,2,0,0,0,0,3,4,0,0
ID_2565858_3_20__16_30_11,Angelina,4,0,0,0,0,1,2,1,0,1,1,4,2,1,0,0,0,1,0,3,0,1,1,1,2,0,3,0,2,2,0,1,0,1,0,0,3,2,0,0
ID_2565858_3_20__16_30_11,Tuborg Nul,0,0,3,3,2,2,0,0,0,0,0,6,0,0,0,0,0,0,0,1,0,3,0,0,0,0,1,3,0,0,0,0,0,3,3,3,1,0,0,2
ID_2565858_3_20__16_30_11,Alexander,3,2,0,0,0,0,4,4,1,3,1,0,2,1,3,2,1,2,0,4,0,0,3,3,0,0,2,0,3,3,1,2,1,0,0,0,3,4,0,0
ID_2565858_3_20__16_30_11,Tuborg Classic,4,0,0,1,0,0,1,0,0,2,3,2,4,0,0,0,0,2,0,1,0,2,3,1,3,0,3,0,2,2,0,0,0,0,0,0,3,1,0,0
ID_2565858_3_20__16_30_11,Amarillo,5,0,0,3,0,1,4,0,0,2,0,0,2,4,0,0,0,2,3,4,0,1,2,1,0,0,3,0,3,2,0,0,0,2,1,0,3,2,0,0
ID_2565858_3_20__16_30_11,Sebastian,5,0,2,3,2,2,3,0,0,0,0,1,2,3,0,0,0,0,2,3,0,0,0,0,0,0,2,2,2,2,0,0,0,4,3,0,2,2,0,1
ID_2565858_3_20__16_30_11,Amigo,5,0,2,2,0,1,3,0,0,0,0,1,3,3,0,0,0,3,0,4,0,0,0,0,0,0,2,2,1,3,0,0,0,3,1,0,2,1,0,1
ID_2184826_49_49__14_30_11,Amarillo,0,4,5,4,1,5,3,1,0,3,1,3,0,4,0,0,0,0,0,5,3,2,3,4,2,0,4,1,0,0,0,0,1,0,0,0,4,3,0,4
ID_2184826_49_49__14_30_11,Amigo,3,4,3,3,1,6,3,0,0,1,2,2,1,4,0,0,0,1,0,6,0,2,3,3,2,0,4,3,0,0,0,0,0,0,0,0,2,4,0,5
ID_2184826_49_49__14_30_11,Alexander,1,2,2,3,0,2,6,1,0,5,2,1,5,0,3,5,2,2,0,6,1,2,3,3,2,3,5,0,0,1,0,1,0,0,1,0,5,4,0,4
ID_2184826_49_49__14_30_11,Sebastian,0,5,5,4,0,5,1,0,0,0,3,6,0,0,0,0,0,3,0,5,0,0,0,4,3,0,4,1,0,0,1,0,0,0,1,0,1,0,0,5
ID_2184826_49_49__14_30_11,Angelina,4,2,0,3,2,2,4,0,1,5,4,2,4,4,0,5,0,2,0,5,0,2,1,2,4,0,3,0,0,1,0,1,0,0,2,0,3,4,0,1
ID_2184826_49_49__14_30_11,Tuborg Classic,0,6,0,1,0,1,1,0,0,3,6,5,4,2,0,0,0,1,0,4,0,3,0,4,5,0,3,0,0,0,0,1,0,0,1,0,1,0,0,1
ID_2184826_49_49__14_30_11,Aronia,1,6,5,6,6,6,4,0,0,0,0,6,1,3,0,0,0,0,0,6,0,2,2,4,3,0,1,6,0,1,0,0,0,1,4,0,1,2,0,2
ID_2184826_49_49__14_30_11,Tuborg Nul,0,4,5,5,2,6,0,0,0,0,2,6,1,1,0,0,0,0,0,5,0,1,1,0,1,0,2,5,0,0,0,0,0,1,6,1,0,0,0,6
ID_2184826_49_49__14_30_11,Wiener Walzer,4,0,5,0,0,3,1,0,0,1,3,6,1,0,1,0,0,0,0,5,0,0,2,3,2,0,3,0,0,0,0,0,0,0,0,0,0,3,0,0
ID_2184826_49_49__14_30_11,Brown Bella,0,2,2,1,0,1,1,0,0,0,0,2,0,1,0,2,0,0,0,5,0,0,4,3,3,0,1,0,0,0,0,1,0,0,2,1,3,2,0,0
ID_2859978_4_38__15_30_11,Sebastian,0,3,4,4,3,3,1,3,0,0,2,3,1,3,0,2,0,0,0,3,0,5,4,3,5,0,3,5,1,1,0,1,0,0,0,3,3,2,0,3
ID_2859978_4_38__15_30_11,Tuborg Classic,1,1,0,3,0,3,3,1,0,1,4,3,2,1,0,0,0,0,0,2,0,2,4,2,4,0,3,2,1,2,0,3,0,0,0,1,2,1,0,0
ID_2859978_4_38__15_30_11,Amigo,1,3,4,4,0,4,2,1,0,2,4,1,0,3,0,3,1,0,0,3,1,4,4,4,2,0,3,2,1,1,0,0,0,0,0,1,3,4,0,3
ID_2859978_4_38__15_30_11,Tuborg Nul,0,0,3,3,0,1,0,2,0,1,2,3,0,3,0,0,0,0,0,1,0,5,2,2,3,0,3,4,0,0,0,1,0,0,0,0,1,3,1,2
ID_2859978_4_38__15_30_11,Amarillo,2,4,1,3,3,4,2,3,0,1,3,0,2,4,0,3,2,1,2,3,0,1,4,4,2,1,3,1,2,1,0,1,0,0,0,0,3,4,0,1
ID_2859978_4_38__15_30_11,Brown Bella,2,1,3,3,1,0,5,4,0,5,2,0,1,2,1,0,3,0,0,4,1,0,4,4,1,3,4,1,1,3,0,1,0,0,0,0,2,4,0,2
ID_2859978_4_38__15_30_11,Alexander,1,2,3,3,2,3,5,4,0,4,2,0,1,4,4,3,4,0,0,5,0,0,4,4,1,2,2,0,4,3,1,1,0,0,0,0,3,3,0,2
ID_2859978_4_38__15_30_11,Wiener Walzer,0,1,2,3,0,3,0,1,0,0,2,5,0,1,0,1,1,0,0,1,0,4,3,3,3,0,2,1,1,0,0,0,0,0,0,0,1,1,0,3
ID_2859978_4_38__15_30_11,Angelina,1,4,0,2,0,0,3,1,1,0,4,2,1,1,1,2,0,0,0,2,1,4,2,3,4,0,2,1,0,0,0,0,0,0,0,0,2,2,0,0
ID_2859978_4_38__15_30_11,Aronia,0,3,6,5,4,3,1,1,0,0,0,2,0,5,0,0,0,0,0,0,0,4,0,0,0,0,0,6,0,1,0,0,0,1,1,4,0,1,0,3
ID_2087131_4_46__14_30_11,Angelina,5,0,0,0,0,3,5,5,0,6,5,3,5,6,0,0,0,0,0,6,0,4,6,5,3,4,6,0,0,0,4,0,0,0,0,0,6,6,0,2
ID_2087131_4_46__14_30_11,Alexander,0,0,0,0,0,0,6,5,6,6,3,0,4,4,3,0,4,3,2,6,0,0,0,6,0,4,4,0,5,3,6,0,0,0,0,0,5,6,0,0
ID_2087131_4_46__14_30_11,Aronia,2,6,6,1,6,6,0,1,0,0,0,4,0,0,0,0,0,0,0,3,0,6,2,6,0,0,0,4,0,0,0,0,0,0,4,5,0,0,0,6
ID_2087131_4_46__14_30_11,Amarillo,6,0,0,0,3,3,3,2,0,0,6,1,4,0,0,0,0,3,0,2,0,6,3,3,6,0,2,1,1,1,0,0,0,0,0,0,1,0,0,1
ID_2087131_4_46__14_30_11,Wiener Walzer,5,0,2,0,0,0,0,3,0,1,6,3,1,0,0,0,0,0,3,3,0,6,6,0,6,0,1,0,0,0,0,0,0,0,0,0,0,0,0,0
ID_2087131_4_46__14_30_11,Amigo,0,0,0,1,0,1,0,0,0,0,3,5,4,1,0,0,0,0,0,0,0,6,0,0,6,0,4,0,0,0,0,0,0,0,0,0,5,0,0,3
ID_2087131_4_46__14_30_11,Brown Bella,5,0,0,0,0,0,5,5,3,5,6,0,3,3,0,0,3,3,1,6,0,0,6,6,0,3,4,0,0,0,0,0,0,0,0,0,5,6,0,0
ID_2087131_4_46__14_30_11,Sebastian,6,0,4,0,0,6,0,0,0,0,0,6,0,5,0,0,0,3,4,0,0,6,0,0,6,0,0,4,0,0,0,0,0,0,5,1,5,0,0,2
ID_2087131_4_46__14_30_11,Tuborg Nul,0,2,0,0,2,0,0,2,0,0,0,6,0,0,0,0,0,1,0,0,0,6,0,0,0,0,0,4,0,0,0,0,0,6,0,0,0,0,0,2
ID_2087131_4_46__14_30_11,Tuborg Classic,2,0,0,0,0,0,4,4,2,2,6,2,2,1,0,0,0,4,0,6,0,0,6,4,0,1,3,0,0,0,0,0,0,0,0,0,3,4,0,0
ID_3152315_38_40__15_30_11,Amigo,2,3,2,0,0,2,3,0,0,0,3,1,1,0,0,0,0,1,0,2,0,2,1,0,3,0,3,0,0,1,0,0,0,0,0,0,3,1,0,0
ID_3152315_38_40__15_30_11,Sebastian,1,3,2,2,0,2,2,0,0,0,0,0,0,3,0,0,0,1,0,1,0,5,3,4,1,0,0,0,1,0,0,0,0,0,1,0,0,1,0,3
ID_3152315_38_40__15_30_11,Amarillo,3,0,0,1,3,0,3,1,0,3,3,0,1,0,0,0,2,2,0,3,0,1,2,1,2,1,3,0,2,0,1,0,0,0,2,0,3,3,0,0
ID_3152315_38_40__15_30_11,Tuborg Classic,1,2,0,0,0,0,2,0,0,0,4,0,1,0,0,0,0,0,0,1,0,3,2,1,6,0,3,0,0,0,0,3,0,0,0,0,3,2,0,0
ID_3152315_38_40__15_30_11,Alexander,3,2,0,2,2,3,4,3,2,3,2,0,1,4,0,1,2,3,0,3,1,0,3,3,1,2,3,1,3,3,3,0,0,0,0,1,3,4,0,0
ID_3152315_38_40__15_30_11,Tuborg Nul,0,4,4,2,0,2,0,0,0,0,1,4,1,0,0,0,0,1,0,1,0,6,1,1,1,0,0,1,0,0,0,0,0,4,6,6,0,0,0,0
ID_3152315_38_40__15_30_11,Angelina,2,1,0,1,2,1,3,1,0,2,2,0,3,2,0,0,1,2,0,3,0,2,3,3,1,0,2,0,3,1,1,1,0,0,0,0,2,3,0,0
ID_3152315_38_40__15_30_11,Brown Bella,2,2,2,3,2,3,3,1,1,2,3,2,1,2,0,1,1,0,0,1,0,2,3,1,2,0,2,0,1,1,1,0,0,0,1,0,3,1,1,0
ID_3152315_38_40__15_30_11,Aronia,1,3,1,0,2,3,1,0,0,0,2,4,1,0,0,0,0,0,0,1,0,4,2,2,2,0,1,1,0,1,0,0,0,0,1,0,2,1,0,3
ID_3152315_38_40__15_30_11,Wiener Walzer,0,3,1,1,0,3,1,0,1,0,2,0,2,1,0,0,0,1,0,0,0,3,1,2,1,0,1,0,0,2,0,0,0,0,3,1,1,1,0,0